12400-00-06: Bevölkerung nach Geschlecht, Altersgruppen und Haushaltsgröße (nur Bremen);;;;;;;;;;;;;;;;;;;;;
Gebietsschlüssel;Gebietseinheit;Zeit;Alter von ... bis unter ... Jahren;Bevölkerung 1);Bevölkerung 1);Bevölkerung 1);Bevölkerung 1);Bevölkerung 1);Bevölkerung 1);Bevölkerung 1);Bevölkerung 1);Bevölkerung 1);Bevölkerung 1);Bevölkerung 1);Bevölkerung 1);Bevölkerung 1);Bevölkerung 1);Bevölkerung 1);Bevölkerung 1);Bevölkerung 1);Bevölkerung 1)
;;;;insgesamt;darunter in Haushalten mit ... Person(en);darunter in Haushalten mit ... Person(en);darunter in Haushalten mit ... Person(en);darunter in Haushalten mit ... Person(en);darunter in Haushalten mit ... Person(en);männlich;darunter in Haushalten mit ... Person(en);darunter in Haushalten mit ... Person(en);darunter in Haushalten mit ... Person(en);darunter in Haushalten mit ... Person(en);darunter in Haushalten mit ... Person(en);weiblich;darunter in Haushalten mit ... Person(en);darunter in Haushalten mit ... Person(en);darunter in Haushalten mit ... Person(en);darunter in Haushalten mit ... Person(en);darunter in Haushalten mit ... Person(en)
;;;;;1;2;3;4;5 oder mehr;1;2;3;4;5 oder mehr;1;2;3;4;5 oder mehr;;
4011;Stadt Bremen;31.12.2021;unter 18;93168;352;7113;21480;33584;28481;48269;220;3654;11123;17349;14742;44899;132;3459;10357;16235;13739
4011;Stadt Bremen;31.12.2021;18 - 25;47182;14209;10185;7929;7093;5301;24764;7782;4737;4189;3810;2822;22418;6427;5448;3740;3283;2479
4011;Stadt Bremen;31.12.2021;25 - 30;40304;16433;11836;5540;3491;1894;20845;9341;5605;2713;1622;864;19459;7092;6231;2827;1869;1030
4011;Stadt Bremen;31.12.2021;30 - 50;152861;44499;31066;29802;29259;15777;77725;28248;13975;13281;13484;7226;75136;16251;17091;16521;15775;8551
4011;Stadt Bremen;31.12.2021;50 - 65;110776;37578;41568;18012;8888;3471;55138;19705;18115;9059;5237;2263;55638;17873;23453;8953;3651;1208
4011;Stadt Bremen;31.12.2021;65 oder mehr;118999;45762;57058;8380;1763;1018;51344;14978;29431;4280;864;350;67655;30784;27627;4100;899;668
4011;Stadt Bremen;31.12.2021;Insgesamt;563290;158833;158826;91143;84078;55942;278085;80274;75517;44645;42366;28267;285205;78559;83309;46498;41712;27675
40111;Mitte (Stadtbezirk);31.12.2021;unter 18;1871;14;242;509;542;406;984;11;121;259;291;216;887;3;121;250;251;190
40111;Mitte (Stadtbezirk);31.12.2021;18 - 25;1888;1094;452;115;97;72;993;588;214;60;61;39;895;506;238;55;36;33
40111;Mitte (Stadtbezirk);31.12.2021;25 - 30;2172;1278;657;129;46;32;1121;708;295;63;24;14;1051;570;362;66;22;18
40111;Mitte (Stadtbezirk);31.12.2021;30 - 50;5823;2842;1328;764;503;256;3296;1866;665;349;230;116;2527;976;663;415;273;140
40111;Mitte (Stadtbezirk);31.12.2021;50 - 65;2935;1530;874;274;144;64;1546;886;376;125;94;39;1389;644;498;149;50;25
40111;Mitte (Stadtbezirk);31.12.2021;65 oder mehr;3006;1457;1085;123;41;12;1371;612;566;68;21;6;1635;845;519;55;20;6
40111;Mitte (Stadtbezirk);31.12.2021;Insgesamt;17695;8215;4638;1914;1373;842;9311;4671;2237;924;721;430;8384;3544;2401;990;652;412
401111;Mitte (Stadtteil);31.12.2021;unter 18;1853;7;240;505;541;402;971;4;119;257;291;214;882;3;121;248;250;188
401111;Mitte (Stadtteil);31.12.2021;18 - 25;1873;1090;445;115;95;70;984;586;210;60;59;38;889;504;235;55;36;32
401111;Mitte (Stadtteil);31.12.2021;25 - 30;2160;1270;655;128;46;31;1111;700;294;62;24;14;1049;570;361;66;22;17
401111;Mitte (Stadtteil);31.12.2021;30 - 50;5775;2818;1320;754;499;254;3261;1844;662;343;227;115;2514;974;658;411;272;139
401111;Mitte (Stadtteil);31.12.2021;50 - 65;2904;1511;865;272;143;64;1523;869;370;125;94;39;1381;642;495;147;49;25
401111;Mitte (Stadtteil);31.12.2021;65 oder mehr;2992;1451;1079;122;41;11;1363;607;564;68;21;5;1629;844;515;54;20;6
401111;Mitte (Stadtteil);31.12.2021;Insgesamt;17557;8147;4604;1896;1365;832;9213;4610;2219;915;716;425;8344;3537;2385;981;649;407
4011111;Altstadt (Ortsteil);31.12.2021;unter 18;326;-;27;83;70;34;163;-;14;42;37;10;163;-;13;41;33;24
4011111;Altstadt (Ortsteil);31.12.2021;18 - 25;437;257;110;20;13;9;229;140;52;12;9;2;208;117;58;8;4;7
4011111;Altstadt (Ortsteil);31.12.2021;25 - 30;532;313;168;24;6;4;278;169;79;13;3;3;254;144;89;11;3;1
4011111;Altstadt (Ortsteil);31.12.2021;30 - 50;1219;612;282;148;65;25;718;410;152;71;31;8;501;202;130;77;34;17
4011111;Altstadt (Ortsteil);31.12.2021;50 - 65;585;307;200;45;13;10;319;189;91;21;9;6;266;118;109;24;4;4
4011111;Altstadt (Ortsteil);31.12.2021;65 oder mehr;534;310;196;10;2;3;257;143;100;6;1;1;277;167;96;4;1;2
4011111;Altstadt (Ortsteil);31.12.2021;Insgesamt;3633;1799;983;330;169;85;1964;1051;488;165;90;30;1669;748;495;165;79;55
4011112;Bahnhofsvorstadt (Ortsteil);31.12.2021;unter 18;610;3;109;151;157;177;336;1;57;80;92;97;274;2;52;71;65;80
4011112;Bahnhofsvorstadt (Ortsteil);31.12.2021;18 - 25;707;436;165;34;32;31;392;251;80;17;20;17;315;185;85;17;12;14
4011112;Bahnhofsvorstadt (Ortsteil);31.12.2021;25 - 30;799;472;232;53;20;18;448;299;102;26;10;8;351;173;130;27;10;10
4011112;Bahnhofsvorstadt (Ortsteil);31.12.2021;30 - 50;1816;928;429;214;134;99;1052;641;210;94;59;43;764;287;219;120;75;56
4011112;Bahnhofsvorstadt (Ortsteil);31.12.2021;50 - 65;787;441;217;56;35;19;458;284;97;30;21;13;329;157;120;26;14;6
4011112;Bahnhofsvorstadt (Ortsteil);31.12.2021;65 oder mehr;839;382;235;26;8;1;368;163;122;14;6;-;471;219;113;12;2;1
4011112;Bahnhofsvorstadt (Ortsteil);31.12.2021;Insgesamt;5558;2662;1387;534;386;345;3054;1639;668;261;208;178;2504;1023;719;273;178;167
4011113;Ostertor (Ortsteil);31.12.2021;unter 18;917;4;104;271;314;191;472;3;48;135;162;107;445;1;56;136;152;84
4011113;Ostertor (Ortsteil);31.12.2021;18 - 25;729;397;170;61;50;30;363;195;78;31;30;19;366;202;92;30;20;11
4011113;Ostertor (Ortsteil);31.12.2021;25 - 30;829;485;255;51;20;9;385;232;113;23;11;3;444;253;142;28;9;6
4011113;Ostertor (Ortsteil);31.12.2021;30 - 50;2740;1278;609;392;300;130;1491;793;300;178;137;64;1249;485;309;214;163;66
4011113;Ostertor (Ortsteil);31.12.2021;50 - 65;1532;763;448;171;95;35;746;396;182;74;64;20;786;367;266;97;31;15
4011113;Ostertor (Ortsteil);31.12.2021;65 oder mehr;1619;759;648;86;31;7;738;301;342;48;14;4;881;458;306;38;17;3
4011113;Ostertor (Ortsteil);31.12.2021;Insgesamt;8366;3686;2234;1032;810;402;4195;1920;1063;489;418;217;4171;1766;1171;543;392;185
401112;Häfen (Stadtteil);31.12.2021;unter 18;18;7;2;4;1;4;13;7;2;2;-;2;5;-;-;2;1;2
401112;Häfen (Stadtteil);31.12.2021;18 - 25;15;4;7;-;2;2;9;2;4;-;2;1;6;2;3;-;-;1
401112;Häfen (Stadtteil);31.12.2021;25 - 30;12;8;2;1;-;1;10;8;1;1;-;-;2;-;1;-;-;1
401112;Häfen (Stadtteil);31.12.2021;30 - 50;48;24;8;10;4;2;35;22;3;6;3;1;13;2;5;4;1;1
401112;Häfen (Stadtteil);31.12.2021;50 - 65;31;19;9;2;1;-;23;17;6;-;-;-;8;2;3;2;1;-
401112;Häfen (Stadtteil);31.12.2021;65 oder mehr;14;6;6;1;-;1;8;5;2;-;-;1;6;1;4;1;-;-
401112;Häfen (Stadtteil);31.12.2021;Insgesamt;138;68;34;18;8;10;98;61;18;9;5;5;40;7;16;9;3;5
4011121;Handelshäfen (Ortsteil);31.12.2021;unter 18;-;-;-;-;-;-;-;-;-;-;-;-;-;-;-;-;-;-
4011121;Handelshäfen (Ortsteil);31.12.2021;18 - 25;-;-;-;-;-;-;-;-;-;-;-;-;-;-;-;-;-;-
4011121;Handelshäfen (Ortsteil);31.12.2021;25 - 30;-;-;-;-;-;-;-;-;-;-;-;-;-;-;-;-;-;-
4011121;Handelshäfen (Ortsteil);31.12.2021;30 - 50;-;-;-;-;-;-;-;-;-;-;-;-;-;-;-;-;-;-
4011121;Handelshäfen (Ortsteil);31.12.2021;50 - 65;-;-;-;-;-;-;-;-;-;-;-;-;-;-;-;-;-;-
4011121;Handelshäfen (Ortsteil);31.12.2021;65 oder mehr;-;-;-;-;-;-;-;-;-;-;-;-;-;-;-;-;-;-
4011121;Handelshäfen (Ortsteil);31.12.2021;Insgesamt;-;-;-;-;-;-;-;-;-;-;-;-;-;-;-;-;-;-
4011122;Industriehäfen (Ortsteil);31.12.2021;unter 18;13;7;2;1;1;2;10;7;2;-;-;1;3;-;-;1;1;1
4011122;Industriehäfen (Ortsteil);31.12.2021;18 - 25;5;1;1;-;2;1;3;-;-;-;2;1;2;1;1;-;-;-
4011122;Industriehäfen (Ortsteil);31.12.2021;25 - 30;3;2;1;-;-;-;3;2;1;-;-;-;-;-;-;-;-;-
4011122;Industriehäfen (Ortsteil);31.12.2021;30 - 50;23;12;2;3;4;2;18;11;1;2;3;1;5;1;1;1;1;1
4011122;Industriehäfen (Ortsteil);31.12.2021;50 - 65;17;13;2;1;1;-;13;11;2;-;-;-;4;2;-;1;1;-
4011122;Industriehäfen (Ortsteil);31.12.2021;65 oder mehr;8;5;2;1;-;-;5;4;1;-;-;-;3;1;1;1;-;-
4011122;Industriehäfen (Ortsteil);31.12.2021;Insgesamt;69;40;10;6;8;5;52;35;7;2;5;3;17;5;3;4;3;2
4011123;Stadtbr Überseehafengebiet Bremerhaven (Ortsteil);31.12.2021;unter 18;1;-;-;1;-;-;-;-;-;-;-;-;1;-;-;1;-;-
4011123;Stadtbr Überseehafengebiet Bremerhaven (Ortsteil);31.12.2021;18 - 25;-;-;-;-;-;-;-;-;-;-;-;-;-;-;-;-;-;-
4011123;Stadtbr Überseehafengebiet Bremerhaven (Ortsteil);31.12.2021;25 - 30;-;-;-;-;-;-;-;-;-;-;-;-;-;-;-;-;-;-
4011123;Stadtbr Überseehafengebiet Bremerhaven (Ortsteil);31.12.2021;30 - 50;2;-;-;2;-;-;1;-;-;1;-;-;1;-;-;1;-;-
4011123;Stadtbr Überseehafengebiet Bremerhaven (Ortsteil);31.12.2021;50 - 65;1;-;1;-;-;-;1;-;1;-;-;-;-;-;-;-;-;-
4011123;Stadtbr Überseehafengebiet Bremerhaven (Ortsteil);31.12.2021;65 oder mehr;1;-;1;-;-;-;-;-;-;-;-;-;1;-;1;-;-;-
4011123;Stadtbr Überseehafengebiet Bremerhaven (Ortsteil);31.12.2021;Insgesamt;5;-;2;3;-;-;2;-;1;1;-;-;3;-;1;2;-;-
4011124;Neustädter Häfen (Ortsteil);31.12.2021;unter 18;2;-;-;-;-;2;1;-;-;-;-;1;1;-;-;-;-;1
4011124;Neustädter Häfen (Ortsteil);31.12.2021;18 - 25;1;-;-;-;-;1;-;-;-;-;-;-;1;-;-;-;-;1
4011124;Neustädter Häfen (Ortsteil);31.12.2021;25 - 30;1;-;-;-;-;1;-;-;-;-;-;-;1;-;-;-;-;1
4011124;Neustädter Häfen (Ortsteil);31.12.2021;30 - 50;2;1;1;-;-;-;1;1;-;-;-;-;1;-;1;-;-;-
4011124;Neustädter Häfen (Ortsteil);31.12.2021;50 - 65;1;-;1;-;-;-;1;-;1;-;-;-;-;-;-;-;-;-
4011124;Neustädter Häfen (Ortsteil);31.12.2021;65 oder mehr;1;-;-;-;-;1;1;-;-;-;-;1;-;-;-;-;-;-
4011124;Neustädter Häfen (Ortsteil);31.12.2021;Insgesamt;8;1;2;-;-;5;4;1;1;-;-;2;4;-;1;-;-;3
4011125;Hohentorshafen (Ortsteil);31.12.2021;unter 18;2;-;-;2;-;-;2;-;-;2;-;-;-;-;-;-;-;-
4011125;Hohentorshafen (Ortsteil);31.12.2021;18 - 25;9;3;6;-;-;-;6;2;4;-;-;-;3;1;2;-;-;-
4011125;Hohentorshafen (Ortsteil);31.12.2021;25 - 30;8;6;1;1;-;-;7;6;-;1;-;-;1;-;1;-;-;-
4011125;Hohentorshafen (Ortsteil);31.12.2021;30 - 50;21;11;5;5;-;-;15;10;2;3;-;-;6;1;3;2;-;-
4011125;Hohentorshafen (Ortsteil);31.12.2021;50 - 65;12;6;5;1;-;-;8;6;2;-;-;-;4;-;3;1;-;-
4011125;Hohentorshafen (Ortsteil);31.12.2021;65 oder mehr;4;1;3;-;-;-;2;1;1;-;-;-;2;-;2;-;-;-
4011125;Hohentorshafen (Ortsteil);31.12.2021;Insgesamt;56;27;20;9;-;-;40;25;9;6;-;-;16;2;11;3;-;-
40112;Süd (Stadtbezirk);31.12.2021;unter 18;21132;76;1557;4895;7779;6363;10986;55;805;2586;4044;3255;10146;21;752;2309;3735;3108
40112;Süd (Stadtbezirk);31.12.2021;18 - 25;10629;3619;2288;1794;1612;1128;5550;1951;1102;924;877;587;5079;1668;1186;870;735;541
40112;Süd (Stadtbezirk);31.12.2021;25 - 30;9660;4303;2721;1288;815;415;4999;2432;1275;654;362;196;4661;1871;1446;634;453;219
40112;Süd (Stadtbezirk);31.12.2021;30 - 50;35165;10444;7106;6804;6935;3527;17904;6657;3221;3039;3225;1586;17261;3787;3885;3765;3710;1941
40112;Süd (Stadtbezirk);31.12.2021;50 - 65;24163;8069;9123;3978;1933;781;12023;4217;3955;2010;1153;508;12140;3852;5168;1968;780;273
40112;Süd (Stadtbezirk);31.12.2021;65 oder mehr;25794;9735;12763;1770;344;219;11137;3101;6587;916;171;72;14657;6634;6176;854;173;147
40112;Süd (Stadtbezirk);31.12.2021;Insgesamt;126543;36246;35558;20529;19418;12433;62599;18413;16945;10129;9832;6204;63944;17833;18613;10400;9586;6229
401121;Neustadt (Stadtteil);31.12.2021;unter 18;5707;27;552;1561;2050;1364;2936;18;284;837;1028;685;2771;9;268;724;1022;679
401121;Neustadt (Stadtteil);31.12.2021;18 - 25;4547;2388;1069;436;304;236;2327;1232;513;231;169;120;2220;1156;556;205;135;116
401121;Neustadt (Stadtteil);31.12.2021;25 - 30;5127;2931;1555;353;157;74;2579;1574;702;160;68;34;2548;1357;853;193;89;40
401121;Neustadt (Stadtteil);31.12.2021;30 - 50;14499;6187;3217;2248;1881;818;7692;3794;1538;1020;893;370;6807;2393;1679;1228;988;448
401121;Neustadt (Stadtteil);31.12.2021;50 - 65;7622;3474;2445;938;449;187;3832;1835;1057;465;270;120;3790;1639;1388;473;179;67
401121;Neustadt (Stadtteil);31.12.2021;65 oder mehr;7185;3256;2960;443;88;66;3065;1135;1523;225;44;19;4120;2121;1437;218;44;47
401121;Neustadt (Stadtteil);31.12.2021;Insgesamt;44687;18263;11798;5979;4929;2745;22431;9588;5617;2938;2472;1348;22256;8675;6181;3041;2457;1397
4011211;Alte Neustadt (Ortsteil);31.12.2021;unter 18;554;3;54;184;155;105;287;1;28;101;71;55;267;2;26;83;84;50
4011211;Alte Neustadt (Ortsteil);31.12.2021;18 - 25;704;442;184;26;12;20;356;226;85;16;9;8;348;216;99;10;3;12
4011211;Alte Neustadt (Ortsteil);31.12.2021;25 - 30;920;573;271;40;17;12;493;329;129;21;4;4;427;244;142;19;13;8
4011211;Alte Neustadt (Ortsteil);31.12.2021;30 - 50;2428;1247;635;305;149;69;1392;802;330;143;73;32;1036;445;305;162;76;37
4011211;Alte Neustadt (Ortsteil);31.12.2021;50 - 65;1006;516;323;96;31;23;547;306;148;50;19;15;459;210;175;46;12;8
4011211;Alte Neustadt (Ortsteil);31.12.2021;65 oder mehr;1173;531;423;57;6;10;519;218;224;30;1;5;654;313;199;27;5;5
4011211;Alte Neustadt (Ortsteil);31.12.2021;Insgesamt;6785;3312;1890;708;370;239;3594;1882;944;361;177;119;3191;1430;946;347;193;120
4011212;Hohentor (Ortsteil);31.12.2021;unter 18;472;3;49;135;149;123;243;1;30;65;74;68;229;2;19;70;75;55
4011212;Hohentor (Ortsteil);31.12.2021;18 - 25;617;409;128;30;17;27;319;211;58;17;10;20;298;198;70;13;7;7
4011212;Hohentor (Ortsteil);31.12.2021;25 - 30;710;459;192;49;6;3;381;256;97;24;3;1;329;203;95;25;3;2
4011212;Hohentor (Ortsteil);31.12.2021;30 - 50;1567;809;309;217;148;67;892;524;150;108;72;30;675;285;159;109;76;37
4011212;Hohentor (Ortsteil);31.12.2021;50 - 65;679;362;182;74;21;15;383;215;90;36;15;10;296;147;92;38;6;5
4011212;Hohentor (Ortsteil);31.12.2021;65 oder mehr;527;262;196;50;5;3;230;97;97;26;2;1;297;165;99;24;3;2
4011212;Hohentor (Ortsteil);31.12.2021;Insgesamt;4572;2304;1056;555;346;238;2448;1304;522;276;176;130;2124;1000;534;279;170;108
4011213;Neustadt (Ortsteil);31.12.2021;unter 18;940;3;92;276;404;152;482;1;45;148;199;81;458;2;47;128;205;71
4011213;Neustadt (Ortsteil);31.12.2021;18 - 25;647;324;143;62;58;37;302;150;61;34;33;14;345;174;82;28;25;23
4011213;Neustadt (Ortsteil);31.12.2021;25 - 30;760;437;243;47;19;11;338;202;99;21;8;5;422;235;144;26;11;6
4011213;Neustadt (Ortsteil);31.12.2021;30 - 50;2386;946;554;413;350;100;1160;492;264;185;157;46;1226;454;290;228;193;54
4011213;Neustadt (Ortsteil);31.12.2021;50 - 65;1319;569;448;165;86;29;629;292;179;79;51;16;690;277;269;86;35;13
4011213;Neustadt (Ortsteil);31.12.2021;65 oder mehr;1120;526;497;66;15;12;482;175;260;32;8;4;638;351;237;34;7;8
4011213;Neustadt (Ortsteil);31.12.2021;Insgesamt;7172;2805;1977;1029;932;341;3393;1312;908;499;456;166;3779;1493;1069;530;476;175
4011214;Südervorstadt (Ortsteil);31.12.2021;unter 18;562;5;59;152;199;142;286;3;29;84;102;65;276;2;30;68;97;77
4011214;Südervorstadt (Ortsteil);31.12.2021;18 - 25;657;372;167;67;31;18;322;178;85;32;17;9;335;194;82;35;14;9
4011214;Südervorstadt (Ortsteil);31.12.2021;25 - 30;649;385;198;41;20;3;316;195;86;19;12;2;333;190;112;22;8;1
4011214;Südervorstadt (Ortsteil);31.12.2021;30 - 50;1664;819;344;226;188;82;902;505;163;103;94;36;762;314;181;123;94;46
4011214;Südervorstadt (Ortsteil);31.12.2021;50 - 65;852;443;242;102;53;10;422;240;92;49;30;9;430;203;150;53;23;1
4011214;Südervorstadt (Ortsteil);31.12.2021;65 oder mehr;710;374;261;46;16;3;302;126;136;26;9;2;408;248;125;20;7;1
4011214;Südervorstadt (Ortsteil);31.12.2021;Insgesamt;5094;2398;1271;634;507;258;2550;1247;591;313;264;123;2544;1151;680;321;243;135
4011215;Gartenstadt Süd (Ortsteil);31.12.2021;unter 18;795;-;76;218;275;214;399;-;39;109;136;105;396;-;37;109;139;109
4011215;Gartenstadt Süd (Ortsteil);31.12.2021;18 - 25;408;158;111;57;45;32;224;96;56;30;23;15;184;62;55;27;22;17
4011215;Gartenstadt Süd (Ortsteil);31.12.2021;25 - 30;492;205;190;45;36;14;255;126;87;19;14;8;237;79;103;26;22;6
4011215;Gartenstadt Süd (Ortsteil);31.12.2021;30 - 50;1447;482;333;269;233;127;726;301;145;114;112;54;721;181;188;155;121;73
4011215;Gartenstadt Süd (Ortsteil);31.12.2021;50 - 65;950;429;322;113;58;27;449;190;142;57;39;20;501;239;180;56;19;7
4011215;Gartenstadt Süd (Ortsteil);31.12.2021;65 oder mehr;997;513;417;47;10;8;380;139;209;20;7;3;617;374;208;27;3;5
4011215;Gartenstadt Süd (Ortsteil);31.12.2021;Insgesamt;5089;1787;1449;749;657;422;2433;852;678;349;331;205;2656;935;771;400;326;217
4011216;Buntentor (Ortsteil);31.12.2021;unter 18;742;5;84;219;268;150;408;5;48;132;142;70;334;-;36;87;126;80
4011216;Buntentor (Ortsteil);31.12.2021;18 - 25;709;355;168;74;44;29;367;177;81;46;25;17;342;178;87;28;19;12
4011216;Buntentor (Ortsteil);31.12.2021;25 - 30;880;529;245;55;19;10;409;251;108;20;11;4;471;278;137;35;8;6
4011216;Buntentor (Ortsteil);31.12.2021;30 - 50;2260;1057;505;334;252;97;1178;613;237;152;122;45;1082;444;268;182;130;52
4011216;Buntentor (Ortsteil);31.12.2021;50 - 65;1208;550;386;154;77;33;573;262;173;72;42;20;635;288;213;82;35;13
4011216;Buntentor (Ortsteil);31.12.2021;65 oder mehr;1092;502;498;67;13;10;468;177;251;33;4;1;624;325;247;34;9;9
4011216;Buntentor (Ortsteil);31.12.2021;Insgesamt;6891;2998;1886;903;673;329;3403;1485;898;455;346;157;3488;1513;988;448;327;172
4011217;Neuenland (Ortsteil);31.12.2021;unter 18;210;-;23;37;74;52;115;-;12;19;45;28;95;-;11;18;29;24
4011217;Neuenland (Ortsteil);31.12.2021;18 - 25;134;62;25;18;7;8;75;34;13;9;6;4;59;28;12;9;1;4
4011217;Neuenland (Ortsteil);31.12.2021;25 - 30;145;77;34;13;2;3;92;56;18;5;-;2;53;21;16;8;2;1
4011217;Neuenland (Ortsteil);31.12.2021;30 - 50;435;158;78;50;80;29;251;119;38;23;38;14;184;39;40;27;42;15
4011217;Neuenland (Ortsteil);31.12.2021;50 - 65;217;82;71;40;10;6;120;51;28;22;8;4;97;31;43;18;2;2
4011217;Neuenland (Ortsteil);31.12.2021;65 oder mehr;271;101;136;25;4;2;123;36;71;12;1;-;148;65;65;13;3;2
4011217;Neuenland (Ortsteil);31.12.2021;Insgesamt;1412;480;367;183;177;100;776;296;180;90;98;52;636;184;187;93;79;48
4011218;Huckelriede (Ortsteil);31.12.2021;unter 18;1432;8;115;340;526;426;716;7;53;179;259;213;716;1;62;161;267;213
4011218;Huckelriede (Ortsteil);31.12.2021;18 - 25;671;266;143;102;90;65;362;160;74;47;46;33;309;106;69;55;44;32
4011218;Huckelriede (Ortsteil);31.12.2021;25 - 30;571;266;182;63;38;18;295;159;78;31;16;8;276;107;104;32;22;10
4011218;Huckelriede (Ortsteil);31.12.2021;30 - 50;2312;669;459;434;481;247;1191;438;211;192;225;113;1121;231;248;242;256;134
4011218;Huckelriede (Ortsteil);31.12.2021;50 - 65;1391;523;471;194;113;44;709;279;205;100;66;26;682;244;266;94;47;18
4011218;Huckelriede (Ortsteil);31.12.2021;65 oder mehr;1295;447;532;85;19;18;561;167;275;46;12;3;734;280;257;39;7;15
4011218;Huckelriede (Ortsteil);31.12.2021;Insgesamt;7672;2179;1902;1218;1267;818;3834;1210;896;595;624;396;3838;969;1006;623;643;422
401123;Obervieland (Stadtteil);31.12.2021;unter 18;6638;12;380;1397;2681;2053;3460;7;205;749;1396;1037;3178;5;175;648;1285;1016
401123;Obervieland (Stadtteil);31.12.2021;18 - 25;2524;401;497;602;647;343;1309;228;224;310;341;188;1215;173;273;292;306;155
401123;Obervieland (Stadtteil);31.12.2021;25 - 30;1819;504;480;401;291;119;942;294;232;214;130;58;877;210;248;187;161;61
401123;Obervieland (Stadtteil);31.12.2021;30 - 50;8903;1543;1605;2044;2468;1159;4303;1001;697;901;1135;526;4600;542;908;1143;1333;633
401123;Obervieland (Stadtteil);31.12.2021;50 - 65;7421;1804;3061;1432;778;246;3619;879;1327;727;465;160;3802;925;1734;705;313;86
401123;Obervieland (Stadtteil);31.12.2021;65 oder mehr;8962;2791;4964;644;126;72;3936;843;2562;337;63;22;5026;1948;2402;307;63;50
401123;Obervieland (Stadtteil);31.12.2021;Insgesamt;36267;7055;10987;6520;6991;3992;17569;3252;5247;3238;3530;1991;18698;3803;5740;3282;3461;2001
4011231;Habenhausen (Ortsteil);31.12.2021;unter 18;1228;1;60;263;617;267;657;1;31;141;335;137;571;-;29;122;282;130
4011231;Habenhausen (Ortsteil);31.12.2021;18 - 25;418;50;76;120;130;39;204;22;29;61;71;19;214;28;47;59;59;20
4011231;Habenhausen (Ortsteil);31.12.2021;25 - 30;283;80;89;59;41;13;139;40;38;34;17;9;144;40;51;25;24;4
4011231;Habenhausen (Ortsteil);31.12.2021;30 - 50;1756;243;322;443;574;168;818;139;145;198;255;78;938;104;177;245;319;90
4011231;Habenhausen (Ortsteil);31.12.2021;50 - 65;1709;345;774;334;214;34;796;159;312;168;132;22;913;186;462;166;82;12
4011231;Habenhausen (Ortsteil);31.12.2021;65 oder mehr;2688;665;1714;212;25;12;1234;196;889;114;14;3;1454;469;825;98;11;9
4011231;Habenhausen (Ortsteil);31.12.2021;Insgesamt;8082;1384;3035;1431;1601;533;3848;557;1444;716;824;268;4234;827;1591;715;777;265
4011232;Arsten (Ortsteil);31.12.2021;unter 18;1855;2;93;382;811;560;954;-;53;204;395;296;901;2;40;178;416;264
4011232;Arsten (Ortsteil);31.12.2021;18 - 25;690;78;103;180;224;101;363;42;49;102;110;57;327;36;54;78;114;44
4011232;Arsten (Ortsteil);31.12.2021;25 - 30;462;92;136;110;93;25;225;44;64;58;42;12;237;48;72;52;51;13
4011232;Arsten (Ortsteil);31.12.2021;30 - 50;2495;334;422;622;781;324;1169;198;180;275;364;145;1326;136;242;347;417;179
4011232;Arsten (Ortsteil);31.12.2021;50 - 65;2154;393;920;474;270;81;1046;175;407;247;160;50;1108;218;513;227;110;31
4011232;Arsten (Ortsteil);31.12.2021;65 oder mehr;2213;665;1160;173;28;22;929;184;602;88;14;4;1284;481;558;85;14;18
4011232;Arsten (Ortsteil);31.12.2021;Insgesamt;9869;1564;2834;1941;2207;1113;4686;643;1355;974;1085;564;5183;921;1479;967;1122;549
4011233;Kattenturm (Ortsteil);31.12.2021;unter 18;2592;5;171;552;884;900;1334;2;91;295;467;435;1258;3;80;257;417;465
4011233;Kattenturm (Ortsteil);31.12.2021;18 - 25;1067;226;248;223;205;142;572;139;121;107;119;76;495;87;127;116;86;66
4011233;Kattenturm (Ortsteil);31.12.2021;25 - 30;821;249;186;180;125;64;447;164;96;92;59;28;374;85;90;88;66;36
4011233;Kattenturm (Ortsteil);31.12.2021;30 - 50;3362;749;638;691;737;485;1697;529;273;302;339;222;1665;220;365;389;398;263
4011233;Kattenturm (Ortsteil);31.12.2021;50 - 65;2528;824;917;410;224;95;1258;426;399;199;130;63;1270;398;518;211;94;32
4011233;Kattenturm (Ortsteil);31.12.2021;65 oder mehr;2645;1029;1274;195;56;33;1159;331;660;99;28;11;1486;698;614;96;28;22
4011233;Kattenturm (Ortsteil);31.12.2021;Insgesamt;13015;3082;3434;2251;2231;1719;6467;1591;1640;1094;1142;835;6548;1491;1794;1157;1089;884
4011234;Kattenesch (Ortsteil);31.12.2021;unter 18;963;4;56;200;369;326;515;4;30;109;199;169;448;-;26;91;170;157
4011234;Kattenesch (Ortsteil);31.12.2021;18 - 25;349;47;70;79;88;61;170;25;25;40;41;36;179;22;45;39;47;25
4011234;Kattenesch (Ortsteil);31.12.2021;25 - 30;253;83;69;52;32;17;131;46;34;30;12;9;122;37;35;22;20;8
4011234;Kattenesch (Ortsteil);31.12.2021;30 - 50;1290;217;223;288;376;182;619;135;99;126;177;81;671;82;124;162;199;101
4011234;Kattenesch (Ortsteil);31.12.2021;50 - 65;1030;242;450;214;70;36;519;119;209;113;43;25;511;123;241;101;27;11
4011234;Kattenesch (Ortsteil);31.12.2021;65 oder mehr;1416;432;816;64;17;5;614;132;411;36;7;4;802;300;405;28;10;1
4011234;Kattenesch (Ortsteil);31.12.2021;Insgesamt;5301;1025;1684;897;952;627;2568;461;808;454;479;324;2733;564;876;443;473;303
401124;Huchting (Stadtteil);31.12.2021;unter 18;6372;32;413;1362;2109;2286;3370;26;209;723;1131;1203;3002;6;204;639;978;1083
401124;Huchting (Stadtteil);31.12.2021;18 - 25;2378;412;506;548;463;413;1284;243;255;283;263;214;1094;169;251;265;200;199
401124;Huchting (Stadtteil);31.12.2021;25 - 30;1670;401;422;377;280;162;903;276;214;198;122;75;767;125;208;179;158;87
401124;Huchting (Stadtteil);31.12.2021;30 - 50;7552;1420;1426;1690;1735;1183;3681;973;613;738;792;525;3871;447;813;952;943;658
401124;Huchting (Stadtteil);31.12.2021;50 - 65;5829;1633;2343;1100;472;250;2862;831;1012;558;279;164;2967;802;1331;542;193;86
401124;Huchting (Stadtteil);31.12.2021;65 oder mehr;6624;2524;3342;484;94;56;2816;727;1727;258;49;23;3808;1797;1615;226;45;33
401124;Huchting (Stadtteil);31.12.2021;Insgesamt;30425;6422;8452;5561;5153;4350;14916;3076;4030;2758;2636;2204;15509;3346;4422;2803;2517;2146
4011241;Mittelshuchting (Ortsteil);31.12.2021;unter 18;2593;19;153;505;843;1037;1386;18;71;276;464;543;1207;1;82;229;379;494
4011241;Mittelshuchting (Ortsteil);31.12.2021;18 - 25;886;167;200;197;165;152;472;110;94;99;92;75;414;57;106;98;73;77
4011241;Mittelshuchting (Ortsteil);31.12.2021;25 - 30;609;135;159;144;108;58;312;94;76;66;52;23;297;41;83;78;56;35
4011241;Mittelshuchting (Ortsteil);31.12.2021;30 - 50;2916;529;526;636;690;520;1440;370;227;288;317;233;1476;159;299;348;373;287
4011241;Mittelshuchting (Ortsteil);31.12.2021;50 - 65;2038;585;810;391;163;85;1004;306;351;197;91;59;1034;279;459;194;72;26
4011241;Mittelshuchting (Ortsteil);31.12.2021;65 oder mehr;2356;883;1236;183;37;16;1020;253;647;94;18;7;1336;630;589;89;19;9
4011241;Mittelshuchting (Ortsteil);31.12.2021;Insgesamt;11398;2318;3084;2056;2006;1868;5634;1151;1466;1020;1034;940;5764;1167;1618;1036;972;928
4011242;Sodenmatt (Ortsteil);31.12.2021;unter 18;1471;2;115;311;466;451;771;-;62;171;247;232;700;2;53;140;219;219
4011242;Sodenmatt (Ortsteil);31.12.2021;18 - 25;557;90;119;126;103;96;316;48;62;66;60;62;241;42;57;60;43;34
4011242;Sodenmatt (Ortsteil);31.12.2021;25 - 30;418;112;90;88;65;41;222;74;48;47;19;18;196;38;42;41;46;23
4011242;Sodenmatt (Ortsteil);31.12.2021;30 - 50;1830;389;328;404;383;245;886;265;138;171;168;110;944;124;190;233;215;135
4011242;Sodenmatt (Ortsteil);31.12.2021;50 - 65;1351;445;521;219;98;48;670;227;217;118;64;30;681;218;304;101;34;18
4011242;Sodenmatt (Ortsteil);31.12.2021;65 oder mehr;1563;616;694;103;22;9;631;182;355;51;11;4;932;434;339;52;11;5
4011242;Sodenmatt (Ortsteil);31.12.2021;Insgesamt;7190;1654;1867;1251;1137;890;3496;796;882;624;569;456;3694;858;985;627;568;434
4011243;Kirchhuchting (Ortsteil);31.12.2021;unter 18;1839;8;109;425;578;712;974;5;59;214;315;377;865;3;50;211;263;335
4011243;Kirchhuchting (Ortsteil);31.12.2021;18 - 25;766;129;164;173;142;151;406;74;87;90;80;70;360;55;77;83;62;81
4011243;Kirchhuchting (Ortsteil);31.12.2021;25 - 30;530;119;136;117;98;59;307;88;74;66;47;31;223;31;62;51;51;28
4011243;Kirchhuchting (Ortsteil);31.12.2021;30 - 50;2119;378;428;470;476;365;1017;254;191;188;223;160;1102;124;237;282;253;205
4011243;Kirchhuchting (Ortsteil);31.12.2021;50 - 65;1624;422;655;318;120;103;809;217;290;162;71;65;815;205;365;156;49;38
4011243;Kirchhuchting (Ortsteil);31.12.2021;65 oder mehr;1783;725;876;128;26;26;742;199;447;72;14;9;1041;526;429;56;12;17
4011243;Kirchhuchting (Ortsteil);31.12.2021;Insgesamt;8661;1781;2368;1631;1440;1416;4255;837;1148;792;750;712;4406;944;1220;839;690;704
4011244;Grolland (Ortsteil);31.12.2021;unter 18;469;3;36;121;222;86;239;3;17;62;105;51;230;-;19;59;117;35
4011244;Grolland (Ortsteil);31.12.2021;18 - 25;169;26;23;52;53;14;90;11;12;28;31;7;79;15;11;24;22;7
4011244;Grolland (Ortsteil);31.12.2021;25 - 30;113;35;37;28;9;4;62;20;16;19;4;3;51;15;21;9;5;1
4011244;Grolland (Ortsteil);31.12.2021;30 - 50;687;124;144;180;186;53;338;84;57;91;84;22;349;40;87;89;102;31
4011244;Grolland (Ortsteil);31.12.2021;50 - 65;816;181;357;172;91;14;379;81;154;81;53;10;437;100;203;91;38;4
4011244;Grolland (Ortsteil);31.12.2021;65 oder mehr;922;300;536;70;9;5;423;93;278;41;6;3;499;207;258;29;3;2
4011244;Grolland (Ortsteil);31.12.2021;Insgesamt;3176;669;1133;623;570;176;1531;292;534;322;283;96;1645;377;599;301;287;80
401125;Woltmershausen (Stadtteil);31.12.2021;unter 18;2170;5;206;525;819;599;1097;4;103;252;430;299;1073;1;103;273;389;300
401125;Woltmershausen (Stadtteil);31.12.2021;18 - 25;1090;407;206;181;172;122;581;243;104;83;91;59;509;164;102;98;81;63
401125;Woltmershausen (Stadtteil);31.12.2021;25 - 30;961;448;236;135;78;56;534;280;113;71;37;27;427;168;123;64;41;29
401125;Woltmershausen (Stadtteil);31.12.2021;30 - 50;3873;1248;808;737;733;328;2060;859;349;338;349;149;1813;389;459;399;384;179
401125;Woltmershausen (Stadtteil);31.12.2021;50 - 65;2881;1076;1099;409;195;83;1505;630;479;206;119;55;1376;446;620;203;76;28
401125;Woltmershausen (Stadtteil);31.12.2021;65 oder mehr;2750;1080;1343;173;33;20;1190;365;690;83;14;8;1560;715;653;90;19;12
401125;Woltmershausen (Stadtteil);31.12.2021;Insgesamt;13725;4264;3898;2160;2030;1208;6967;2381;1838;1033;1040;597;6758;1883;2060;1127;990;611
4011251;Woltmershausen (Ortsteil);31.12.2021;unter 18;1710;3;169;406;644;474;869;3;90;191;338;238;841;-;79;215;306;236
4011251;Woltmershausen (Ortsteil);31.12.2021;18 - 25;895;365;177;135;122;94;478;219;93;60;62;43;417;146;84;75;60;51
4011251;Woltmershausen (Ortsteil);31.12.2021;25 - 30;806;392;204;102;59;43;454;251;96;53;29;21;352;141;108;49;30;22
4011251;Woltmershausen (Ortsteil);31.12.2021;30 - 50;3113;1065;671;544;568;252;1663;733;292;249;267;112;1450;332;379;295;301;140
4011251;Woltmershausen (Ortsteil);31.12.2021;50 - 65;2162;878;752;302;146;67;1141;512;332;148;90;45;1021;366;420;154;56;22
4011251;Woltmershausen (Ortsteil);31.12.2021;65 oder mehr;1959;807;914;128;19;16;860;296;468;61;7;6;1099;511;446;67;12;10
4011251;Woltmershausen (Ortsteil);31.12.2021;Insgesamt;10645;3510;2887;1617;1558;946;5465;2014;1371;762;793;465;5180;1496;1516;855;765;481
4011252;Rablinghausen (Ortsteil);31.12.2021;unter 18;460;2;37;119;175;125;228;1;13;61;92;61;232;1;24;58;83;64
4011252;Rablinghausen (Ortsteil);31.12.2021;18 - 25;195;42;29;46;50;28;103;24;11;23;29;16;92;18;18;23;21;12
4011252;Rablinghausen (Ortsteil);31.12.2021;25 - 30;155;56;32;33;19;13;80;29;17;18;8;6;75;27;15;15;11;7
4011252;Rablinghausen (Ortsteil);31.12.2021;30 - 50;760;183;137;193;165;76;397;126;57;89;82;37;363;57;80;104;83;39
4011252;Rablinghausen (Ortsteil);31.12.2021;50 - 65;719;198;347;107;49;16;364;118;147;58;29;10;355;80;200;49;20;6
4011252;Rablinghausen (Ortsteil);31.12.2021;65 oder mehr;791;273;429;45;14;4;330;69;222;22;7;2;461;204;207;23;7;2
4011252;Rablinghausen (Ortsteil);31.12.2021;Insgesamt;3080;754;1011;543;472;262;1502;367;467;271;247;132;1578;387;544;272;225;130
4011261;Seehausen (Ortsteil);31.12.2021;unter 18;181;-;6;38;95;40;87;-;4;19;45;18;94;-;2;19;50;22
4011261;Seehausen (Ortsteil);31.12.2021;18 - 25;61;11;8;23;16;3;33;5;4;16;7;1;28;6;4;7;9;2
4011261;Seehausen (Ortsteil);31.12.2021;25 - 30;60;14;23;14;6;2;27;5;12;5;3;1;33;9;11;9;3;1
4011261;Seehausen (Ortsteil);31.12.2021;30 - 50;241;32;32;66;90;21;116;20;16;31;41;8;125;12;16;35;49;13
4011261;Seehausen (Ortsteil);31.12.2021;50 - 65;303;58;144;68;25;8;152;28;68;36;14;6;151;30;76;32;11;2
4011261;Seehausen (Ortsteil);31.12.2021;65 oder mehr;174;61;94;15;-;3;82;22;51;9;-;-;92;39;43;6;-;3
4011261;Seehausen (Ortsteil);31.12.2021;Insgesamt;1020;176;307;224;232;77;497;80;155;116;110;34;523;96;152;108;122;43
4011271;Strom (Ortsteil);31.12.2021;unter 18;64;-;-;12;25;21;36;-;-;6;14;13;28;-;-;6;11;8
4011271;Strom (Ortsteil);31.12.2021;18 - 25;29;-;2;4;10;11;16;-;2;1;6;5;13;-;-;3;4;6
4011271;Strom (Ortsteil);31.12.2021;25 - 30;23;5;5;8;3;2;14;3;2;6;2;1;9;2;3;2;1;1
4011271;Strom (Ortsteil);31.12.2021;30 - 50;97;14;18;19;28;18;52;10;8;11;15;8;45;4;10;8;13;10
4011271;Strom (Ortsteil);31.12.2021;50 - 65;107;24;31;31;14;7;53;14;12;18;6;3;54;10;19;13;8;4
4011271;Strom (Ortsteil);31.12.2021;65 oder mehr;99;23;60;11;3;2;48;9;34;4;1;-;51;14;26;7;2;2
4011271;Strom (Ortsteil);31.12.2021;Insgesamt;419;66;116;85;83;61;219;36;58;46;44;30;200;30;58;39;39;31
40113;Ost (Stadtbezirk);31.12.2021;unter 18;36316;144;2681;8632;14236;9965;18810;97;1380;4444;7325;5198;17506;47;1301;4188;6911;4767
40113;Ost (Stadtbezirk);31.12.2021;18 - 25;17675;5155;3905;3098;2873;1841;9157;2741;1770;1681;1523;992;8518;2414;2135;1417;1350;849
40113;Ost (Stadtbezirk);31.12.2021;25 - 30;15338;6006;4836;2065;1259;591;7860;3294;2291;1026;622;272;7478;2712;2545;1039;637;319
40113;Ost (Stadtbezirk);31.12.2021;30 - 50;60937;17005;12531;12353;12454;5687;30216;10228;5612;5488;5690;2616;30721;6777;6919;6865;6764;3071
40113;Ost (Stadtbezirk);31.12.2021;50 - 65;45050;14943;16628;7819;3958;1347;22137;7592;7207;3922;2331;872;22913;7351;9421;3897;1627;475
40113;Ost (Stadtbezirk);31.12.2021;65 oder mehr;50403;19532;24173;3669;731;353;21468;6093;12448;1889;361;133;28935;13439;11725;1780;370;220
40113;Ost (Stadtbezirk);31.12.2021;Insgesamt;225719;62785;64754;37636;35511;19784;109648;30045;30708;18450;17852;10083;116071;32740;34046;19186;17659;9701
401131;Östliche Vorstadt (Stadtteil);31.12.2021;unter 18;3440;12;440;1002;1303;607;1777;4;231;506;671;321;1663;8;209;496;632;286
401131;Östliche Vorstadt (Stadtteil);31.12.2021;18 - 25;2279;1158;501;252;189;86;1185;609;234;131;97;47;1094;549;267;121;92;39
401131;Östliche Vorstadt (Stadtteil);31.12.2021;25 - 30;2558;1478;776;199;57;24;1230;728;350;95;25;13;1328;750;426;104;32;11
401131;Östliche Vorstadt (Stadtteil);31.12.2021;30 - 50;9181;3997;2074;1467;1159;407;4535;2198;929;638;530;190;4646;1799;1145;829;629;217
401131;Östliche Vorstadt (Stadtteil);31.12.2021;50 - 65;5931;2854;1828;769;373;73;2881;1443;756;384;228;47;3050;1411;1072;385;145;26
401131;Östliche Vorstadt (Stadtteil);31.12.2021;65 oder mehr;5605;2688;2297;353;78;36;2439;977;1184;187;35;9;3166;1711;1113;166;43;27
401131;Östliche Vorstadt (Stadtteil);31.12.2021;Insgesamt;28994;12187;7916;4042;3159;1233;14047;5959;3684;1941;1586;627;14947;6228;4232;2101;1573;606
4011311;Steintor (Ortsteil);31.12.2021;unter 18;796;-;93;233;264;184;401;-;53;110;128;100;395;-;40;123;136;84
4011311;Steintor (Ortsteil);31.12.2021;18 - 25;611;345;114;46;50;27;328;185;58;25;25;17;283;160;56;21;25;10
4011311;Steintor (Ortsteil);31.12.2021;25 - 30;723;462;196;44;11;7;347;228;89;18;5;4;376;234;107;26;6;3
4011311;Steintor (Ortsteil);31.12.2021;30 - 50;2465;1210;528;345;242;118;1239;669;243;149;111;54;1226;541;285;196;131;64
4011311;Steintor (Ortsteil);31.12.2021;50 - 65;1372;704;391;163;84;22;708;392;168;78;51;15;664;312;223;85;33;7
4011311;Steintor (Ortsteil);31.12.2021;65 oder mehr;1199;649;438;75;22;6;534;245;230;42;12;-;665;404;208;33;10;6
4011311;Steintor (Ortsteil);31.12.2021;Insgesamt;7166;3370;1760;906;673;364;3557;1719;841;422;332;190;3609;1651;919;484;341;174
4011312;Fesenfeld (Ortsteil);31.12.2021;unter 18;737;1;90;241;272;117;383;-;47;128;144;59;354;1;43;113;128;58
4011312;Fesenfeld (Ortsteil);31.12.2021;18 - 25;587;348;116;49;29;17;290;176;49;24;14;9;297;172;67;25;15;8
4011312;Fesenfeld (Ortsteil);31.12.2021;25 - 30;733;436;225;35;12;8;335;204;97;12;6;4;398;232;128;23;6;4
4011312;Fesenfeld (Ortsteil);31.12.2021;30 - 50;2440;1096;607;376;244;79;1213;587;289;165;110;35;1227;509;318;211;134;44
4011312;Fesenfeld (Ortsteil);31.12.2021;50 - 65;1248;670;348;137;70;13;623;346;152;68;43;7;625;324;196;69;27;6
4011312;Fesenfeld (Ortsteil);31.12.2021;65 oder mehr;1164;564;502;68;14;8;531;234;246;37;8;3;633;330;256;31;6;5
4011312;Fesenfeld (Ortsteil);31.12.2021;Insgesamt;6909;3115;1888;906;641;242;3375;1547;880;434;325;117;3534;1568;1008;472;316;125
4011313;Peterswerder (Ortsteil);31.12.2021;unter 18;1294;6;161;348;515;232;686;2;83;178;268;129;608;4;78;170;247;103
4011313;Peterswerder (Ortsteil);31.12.2021;18 - 25;708;298;165;102;82;33;357;144;78;51;40;18;351;154;87;51;42;15
4011313;Peterswerder (Ortsteil);31.12.2021;25 - 30;656;346;206;82;16;2;312;159;95;47;7;-;344;187;111;35;9;2
4011313;Peterswerder (Ortsteil);31.12.2021;30 - 50;2807;1109;603;481;441;160;1340;591;255;208;203;76;1467;518;348;273;238;84
4011313;Peterswerder (Ortsteil);31.12.2021;50 - 65;2247;968;733;339;171;26;1036;452;292;168;100;16;1211;516;441;171;71;10
4011313;Peterswerder (Ortsteil);31.12.2021;65 oder mehr;2268;982;964;161;30;21;953;322;507;81;9;6;1315;660;457;80;21;15
4011313;Peterswerder (Ortsteil);31.12.2021;Insgesamt;9980;3709;2832;1513;1255;474;4684;1670;1310;733;627;245;5296;2039;1522;780;628;229
4011314;Hulsberg (Ortsteil);31.12.2021;unter 18;613;5;96;180;252;74;307;2;48;90;131;33;306;3;48;90;121;41
4011314;Hulsberg (Ortsteil);31.12.2021;18 - 25;373;167;106;55;28;9;210;104;49;31;18;3;163;63;57;24;10;6
4011314;Hulsberg (Ortsteil);31.12.2021;25 - 30;446;234;149;38;18;7;236;137;69;18;7;5;210;97;80;20;11;2
4011314;Hulsberg (Ortsteil);31.12.2021;30 - 50;1469;582;336;265;232;50;743;351;142;116;106;25;726;231;194;149;126;25
4011314;Hulsberg (Ortsteil);31.12.2021;50 - 65;1064;512;356;130;48;12;514;253;144;70;34;9;550;259;212;60;14;3
4011314;Hulsberg (Ortsteil);31.12.2021;65 oder mehr;974;493;393;49;12;1;421;176;201;27;6;-;553;317;192;22;6;1
4011314;Hulsberg (Ortsteil);31.12.2021;Insgesamt;4939;1993;1436;717;590;153;2431;1023;653;352;302;75;2508;970;783;365;288;78
401132;Schwachhausen (Stadtteil);31.12.2021;unter 18;5394;12;393;1456;2169;1282;2744;8;190;727;1092;673;2650;4;203;729;1077;609
401132;Schwachhausen (Stadtteil);31.12.2021;18 - 25;2702;1067;687;369;330;195;1295;483;297;212;169;102;1407;584;390;157;161;93
401132;Schwachhausen (Stadtteil);31.12.2021;25 - 30;2990;1392;1172;253;109;38;1443;685;540;126;58;18;1547;707;632;127;51;20
401132;Schwachhausen (Stadtteil);31.12.2021;30 - 50;11104;3540;2740;2167;1880;702;5346;1877;1281;969;850;321;5758;1663;1459;1198;1030;381
401132;Schwachhausen (Stadtteil);31.12.2021;50 - 65;7702;2892;2602;1245;695;223;3627;1317;1123;620;400;144;4075;1575;1479;625;295;79
401132;Schwachhausen (Stadtteil);31.12.2021;65 oder mehr;9563;4125;4354;691;110;32;3974;1245;2228;368;56;15;5589;2880;2126;323;54;17
401132;Schwachhausen (Stadtteil);31.12.2021;Insgesamt;39455;13028;11948;6181;5293;2472;18429;5615;5659;3022;2625;1273;21026;7413;6289;3159;2668;1199
4011321;Neu-Schwachhausen (Ortsteil);31.12.2021;unter 18;819;2;64;210;309;220;418;2;31;110;161;105;401;-;33;100;148;115
4011321;Neu-Schwachhausen (Ortsteil);31.12.2021;18 - 25;526;222;173;55;44;29;227;91;72;32;22;9;299;131;101;23;22;20
4011321;Neu-Schwachhausen (Ortsteil);31.12.2021;25 - 30;549;259;237;36;13;2;275;134;117;14;9;-;274;125;120;22;4;2
4011321;Neu-Schwachhausen (Ortsteil);31.12.2021;30 - 50;1753;640;407;311;279;111;866;354;187;144;125;53;887;286;220;167;154;58
4011321;Neu-Schwachhausen (Ortsteil);31.12.2021;50 - 65;1113;438;390;164;92;23;529;197;176;85;55;14;584;241;214;79;37;9
4011321;Neu-Schwachhausen (Ortsteil);31.12.2021;65 oder mehr;1462;693;619;74;18;5;565;189;314;41;9;1;897;504;305;33;9;4
4011321;Neu-Schwachhausen (Ortsteil);31.12.2021;Insgesamt;6222;2254;1890;850;755;390;2880;967;897;426;381;182;3342;1287;993;424;374;208
4011322;Bürgerpark (Ortsteil);31.12.2021;unter 18;544;1;40;159;236;107;279;1;18;83;119;57;265;-;22;76;117;50
4011322;Bürgerpark (Ortsteil);31.12.2021;18 - 25;274;104;59;47;41;22;136;41;31;28;25;10;138;63;28;19;16;12
4011322;Bürgerpark (Ortsteil);31.12.2021;25 - 30;330;144;134;27;19;5;152;64;63;14;8;3;178;80;71;13;11;2
4011322;Bürgerpark (Ortsteil);31.12.2021;30 - 50;1220;389;319;242;211;54;581;206;143;115;91;24;639;183;176;127;120;30
4011322;Bürgerpark (Ortsteil);31.12.2021;50 - 65;942;329;338;156;84;32;448;158;149;75;46;19;494;171;189;81;38;13
4011322;Bürgerpark (Ortsteil);31.12.2021;65 oder mehr;1160;472;581;83;19;4;511;150;299;49;12;1;649;322;282;34;7;3
4011322;Bürgerpark (Ortsteil);31.12.2021;Insgesamt;4470;1439;1471;714;610;224;2107;620;703;364;301;114;2363;819;768;350;309;110
4011323;Barkhof (Ortsteil);31.12.2021;unter 18;353;2;33;138;125;42;174;1;17;60;64;24;179;1;16;78;61;18
4011323;Barkhof (Ortsteil);31.12.2021;18 - 25;190;100;47;14;19;7;93;55;19;6;3;7;97;45;28;8;16;-
4011323;Barkhof (Ortsteil);31.12.2021;25 - 30;255;130;101;16;4;2;127;64;46;11;3;2;128;66;55;5;1;-
4011323;Barkhof (Ortsteil);31.12.2021;30 - 50;1007;364;287;222;99;25;497;193;138;108;42;9;510;171;149;114;57;16
4011323;Barkhof (Ortsteil);31.12.2021;50 - 65;613;276;198;82;35;10;307;146;89;38;22;7;306;130;109;44;13;3
4011323;Barkhof (Ortsteil);31.12.2021;65 oder mehr;630;282;268;59;9;3;285;106;138;30;4;2;345;176;130;29;5;1
4011323;Barkhof (Ortsteil);31.12.2021;Insgesamt;3048;1154;934;531;291;89;1483;565;447;253;138;51;1565;589;487;278;153;38
4011324;Riensberg (Ortsteil);31.12.2021;unter 18;922;2;65;243;365;235;462;2;35;112;188;119;460;-;30;131;177;116
4011324;Riensberg (Ortsteil);31.12.2021;18 - 25;431;176;121;52;47;33;208;77;55;31;26;18;223;99;66;21;21;15
4011324;Riensberg (Ortsteil);31.12.2021;25 - 30;477;196;205;44;22;8;222;96;94;22;9;1;255;100;111;22;13;7
4011324;Riensberg (Ortsteil);31.12.2021;30 - 50;1752;544;401;350;312;141;823;276;185;153;141;66;929;268;216;197;171;75
4011324;Riensberg (Ortsteil);31.12.2021;50 - 65;1207;475;416;177;101;32;544;198;173;88;60;21;663;277;243;89;41;11
4011324;Riensberg (Ortsteil);31.12.2021;65 oder mehr;1500;706;566;87;10;4;577;200;296;46;4;3;923;506;270;41;6;1
4011324;Riensberg (Ortsteil);31.12.2021;Insgesamt;6289;2099;1774;953;857;453;2836;849;838;452;428;228;3453;1250;936;501;429;225
4011325;Radio Bremen (Ortsteil);31.12.2021;unter 18;1157;3;71;275;476;317;563;-;28;131;225;168;594;3;43;144;251;149
4011325;Radio Bremen (Ortsteil);31.12.2021;18 - 25;540;181;129;85;82;57;272;88;53;50;43;33;268;93;76;35;39;24
4011325;Radio Bremen (Ortsteil);31.12.2021;25 - 30;543;247;196;58;30;9;263;121;85;32;18;5;280;126;111;26;12;4
4011325;Radio Bremen (Ortsteil);31.12.2021;30 - 50;1984;554;474;381;390;176;956;309;229;157;174;82;1028;245;245;224;216;94
4011325;Radio Bremen (Ortsteil);31.12.2021;50 - 65;1493;520;478;263;175;53;710;238;204;133;99;34;783;282;274;130;76;19
4011325;Radio Bremen (Ortsteil);31.12.2021;65 oder mehr;1964;809;969;156;23;3;827;234;497;80;13;1;1137;575;472;76;10;2
4011325;Radio Bremen (Ortsteil);31.12.2021;Insgesamt;7681;2314;2317;1218;1176;615;3591;990;1096;583;572;323;4090;1324;1221;635;604;292
4011326;Schwachhausen (Ortsteil);31.12.2021;unter 18;505;-;32;139;201;129;267;-;16;83;98;68;238;-;16;56;103;61
4011326;Schwachhausen (Ortsteil);31.12.2021;18 - 25;231;85;54;36;35;15;117;42;23;26;15;9;114;43;31;10;20;6
4011326;Schwachhausen (Ortsteil);31.12.2021;25 - 30;266;132;102;19;6;5;121;56;49;10;4;2;145;76;53;9;2;3
4011326;Schwachhausen (Ortsteil);31.12.2021;30 - 50;1025;312;264;206;180;62;478;152;124;85;88;28;547;160;140;121;92;34
4011326;Schwachhausen (Ortsteil);31.12.2021;50 - 65;695;236;224;140;69;23;305;92;82;75;39;15;390;144;142;65;30;8
4011326;Schwachhausen (Ortsteil);31.12.2021;65 oder mehr;907;374;406;62;12;2;359;103;205;32;6;1;548;271;201;30;6;1
4011326;Schwachhausen (Ortsteil);31.12.2021;Insgesamt;3629;1139;1082;602;503;236;1647;445;499;311;250;123;1982;694;583;291;253;113
4011327;Gete (Ortsteil);31.12.2021;unter 18;1094;2;88;292;457;232;581;2;45;148;237;132;513;-;43;144;220;100
4011327;Gete (Ortsteil);31.12.2021;18 - 25;510;199;104;80;62;32;242;89;44;39;35;16;268;110;60;41;27;16
4011327;Gete (Ortsteil);31.12.2021;25 - 30;570;284;197;53;15;7;283;150;86;23;7;5;287;134;111;30;8;2
4011327;Gete (Ortsteil);31.12.2021;30 - 50;2363;737;588;455;409;133;1145;387;275;207;189;59;1218;350;313;248;220;74
4011327;Gete (Ortsteil);31.12.2021;50 - 65;1639;618;558;263;139;50;784;288;250;126;79;34;855;330;308;137;60;16
4011327;Gete (Ortsteil);31.12.2021;65 oder mehr;1940;789;945;170;19;11;850;263;479;90;8;6;1090;526;466;80;11;5
4011327;Gete (Ortsteil);31.12.2021;Insgesamt;8116;2629;2480;1313;1101;465;3885;1179;1179;633;555;252;4231;1450;1301;680;546;213
401133;Vahr (Stadtteil);31.12.2021;unter 18;4679;11;475;1233;1783;1152;2463;7;252;640;942;612;2216;4;223;593;841;540
401133;Vahr (Stadtteil);31.12.2021;18 - 25;1889;454;511;430;309;176;982;256;237;227;165;95;907;198;274;203;144;81
401133;Vahr (Stadtteil);31.12.2021;25 - 30;1815;586;579;342;238;65;949;356;295;163;108;25;866;230;284;179;130;40
401133;Vahr (Stadtteil);31.12.2021;30 - 50;7203;1968;1611;1553;1433;620;3586;1284;682;670;666;278;3617;684;929;883;767;342
401133;Vahr (Stadtteil);31.12.2021;50 - 65;5113;1956;1922;812;282;122;2450;967;813;405;170;86;2663;989;1109;407;112;36
401133;Vahr (Stadtteil);31.12.2021;65 oder mehr;6025;2837;2577;366;73;34;2355;768;1324;184;35;14;3670;2069;1253;182;38;20
401133;Vahr (Stadtteil);31.12.2021;Insgesamt;26724;7812;7675;4736;4118;2169;12785;3638;3603;2289;2086;1110;13939;4174;4072;2447;2032;1059
4011331;Gartenstadt Vahr (Ortsteil);31.12.2021;unter 18;1090;4;110;283;442;234;591;3;65;152;240;123;499;1;45;131;202;111
4011331;Gartenstadt Vahr (Ortsteil);31.12.2021;18 - 25;468;121;111;114;71;45;254;71;55;64;35;27;214;50;56;50;36;18
4011331;Gartenstadt Vahr (Ortsteil);31.12.2021;25 - 30;425;166;127;68;54;7;224;91;62;36;29;4;201;75;65;32;25;3
4011331;Gartenstadt Vahr (Ortsteil);31.12.2021;30 - 50;1950;581;423;412;390;132;971;359;187;178;184;58;979;222;236;234;206;74
4011331;Gartenstadt Vahr (Ortsteil);31.12.2021;50 - 65;1596;618;577;256;96;39;790;324;246;129;58;29;806;294;331;127;38;10
4011331;Gartenstadt Vahr (Ortsteil);31.12.2021;65 oder mehr;1974;913;837;124;21;4;804;280;430;66;12;-;1170;633;407;58;9;4
4011331;Gartenstadt Vahr (Ortsteil);31.12.2021;Insgesamt;7503;2403;2185;1257;1074;461;3634;1128;1045;625;558;241;3869;1275;1140;632;516;220
4011332;Neue Vahr Nord (Ortsteil);31.12.2021;unter 18;1705;5;154;439;631;474;876;3;78;223;319;252;829;2;76;216;312;222
4011332;Neue Vahr Nord (Ortsteil);31.12.2021;18 - 25;635;137;166;146;108;76;325;77;78;69;57;44;310;60;88;77;51;32
4011332;Neue Vahr Nord (Ortsteil);31.12.2021;25 - 30;599;160;180;135;87;37;303;95;91;65;38;14;296;65;89;70;49;23
4011332;Neue Vahr Nord (Ortsteil);31.12.2021;30 - 50;2211;523;477;512;467;230;1092;362;198;213;217;102;1119;161;279;299;250;128
4011332;Neue Vahr Nord (Ortsteil);31.12.2021;50 - 65;1344;455;513;241;86;49;639;228;214;115;51;31;705;227;299;126;35;18
4011332;Neue Vahr Nord (Ortsteil);31.12.2021;65 oder mehr;1406;634;662;85;13;10;599;196;344;45;6;6;807;438;318;40;7;4
4011332;Neue Vahr Nord (Ortsteil);31.12.2021;Insgesamt;7900;1914;2152;1558;1392;876;3834;961;1003;730;688;449;4066;953;1149;828;704;427
4011334;Neue Vahr Südwest (Ortsteil);31.12.2021;unter 18;514;1;74;156;177;105;257;-;38;75;81;63;257;1;36;81;96;42
4011334;Neue Vahr Südwest (Ortsteil);31.12.2021;18 - 25;276;76;88;61;35;15;138;40;40;33;18;7;138;36;48;28;17;8
4011334;Neue Vahr Südwest (Ortsteil);31.12.2021;25 - 30;297;116;93;54;28;6;152;68;42;23;16;3;145;48;51;31;12;3
4011334;Neue Vahr Südwest (Ortsteil);31.12.2021;30 - 50;1052;389;263;193;143;62;535;235;111;94;66;29;517;154;152;99;77;33
4011334;Neue Vahr Südwest (Ortsteil);31.12.2021;50 - 65;806;361;300;99;34;4;361;158;127;48;21;3;445;203;173;51;13;1
4011334;Neue Vahr Südwest (Ortsteil);31.12.2021;65 oder mehr;1127;562;429;54;16;7;378;118;219;22;6;1;749;444;210;32;10;6
4011334;Neue Vahr Südwest (Ortsteil);31.12.2021;Insgesamt;4072;1505;1247;617;433;199;1821;619;577;295;208;106;2251;886;670;322;225;93
4011335;Neue Vahr Südost (Ortsteil);31.12.2021;unter 18;1370;1;137;355;533;339;739;1;71;190;302;174;631;-;66;165;231;165
4011335;Neue Vahr Südost (Ortsteil);31.12.2021;18 - 25;510;120;146;109;95;40;265;68;64;61;55;17;245;52;82;48;40;23
4011335;Neue Vahr Südost (Ortsteil);31.12.2021;25 - 30;494;144;179;85;69;15;270;102;100;39;25;4;224;42;79;46;44;11
4011335;Neue Vahr Südost (Ortsteil);31.12.2021;30 - 50;1990;475;448;436;433;196;988;328;186;185;199;89;1002;147;262;251;234;107
4011335;Neue Vahr Südost (Ortsteil);31.12.2021;50 - 65;1367;522;532;216;66;30;660;257;226;113;40;23;707;265;306;103;26;7
4011335;Neue Vahr Südost (Ortsteil);31.12.2021;65 oder mehr;1518;728;649;103;23;13;574;174;331;51;11;7;944;554;318;52;12;6
4011335;Neue Vahr Südost (Ortsteil);31.12.2021;Insgesamt;7249;1990;2091;1304;1219;633;3496;930;978;639;632;314;3753;1060;1113;665;587;319
401134;Horn-Lehe (Stadtteil);31.12.2021;unter 18;3675;22;245;910;1542;828;1916;16;137;479;791;415;1759;6;108;431;751;413
401134;Horn-Lehe (Stadtteil);31.12.2021;18 - 25;3022;971;757;331;326;132;1534;509;341;179;169;75;1488;462;416;152;157;57
401134;Horn-Lehe (Stadtteil);31.12.2021;25 - 30;2349;890;713;183;87;31;1283;501;361;101;44;13;1066;389;352;82;43;18
401134;Horn-Lehe (Stadtteil);31.12.2021;30 - 50;6868;1816;1375;1410;1416;489;3511;1123;642;629;645;224;3357;693;733;781;771;265
401134;Horn-Lehe (Stadtteil);31.12.2021;50 - 65;4574;1402;1695;853;468;107;2219;694;713;433;276;72;2355;708;982;420;192;35
401134;Horn-Lehe (Stadtteil);31.12.2021;65 oder mehr;6426;2217;3094;399;86;36;2653;628;1606;206;42;15;3773;1589;1488;193;44;21
401134;Horn-Lehe (Stadtteil);31.12.2021;Insgesamt;26914;7318;7879;4086;3925;1623;13116;3471;3800;2027;1967;814;13798;3847;4079;2059;1958;809
4011341;Horn (Ortsteil);31.12.2021;unter 18;810;2;27;168;353;220;412;2;16;79;187;100;398;-;11;89;166;120
4011341;Horn (Ortsteil);31.12.2021;18 - 25;335;75;49;71;82;36;165;33;21;38;42;22;170;42;28;33;40;14
4011341;Horn (Ortsteil);31.12.2021;25 - 30;228;84;62;46;21;8;118;45;31;24;14;2;110;39;31;22;7;6
4011341;Horn (Ortsteil);31.12.2021;30 - 50;1127;238;181;245;308;132;541;141;81;105;139;60;586;97;100;140;169;72
4011341;Horn (Ortsteil);31.12.2021;50 - 65;1021;242;391;210;138;30;494;122;167;101;79;19;527;120;224;109;59;11
4011341;Horn (Ortsteil);31.12.2021;65 oder mehr;1548;391;692;130;22;6;653;132;364;69;10;2;895;259;328;61;12;4
4011341;Horn (Ortsteil);31.12.2021;Insgesamt;5069;1032;1402;870;924;432;2383;475;680;416;471;205;2686;557;722;454;453;227
4011342;Lehe (Ortsteil);31.12.2021;unter 18;849;11;68;242;296;161;441;9;36;119;145;91;408;2;32;123;151;70
4011342;Lehe (Ortsteil);31.12.2021;18 - 25;1868;665;506;87;88;44;970;360;236;55;42;27;898;305;270;32;46;17
4011342;Lehe (Ortsteil);31.12.2021;25 - 30;1513;582;412;46;27;9;841;328;211;23;12;7;672;254;201;23;15;2
4011342;Lehe (Ortsteil);31.12.2021;30 - 50;2495;866;508;393;296;103;1395;551;257;177;135;48;1100;315;251;216;161;55
4011342;Lehe (Ortsteil);31.12.2021;50 - 65;1334;456;457;228;130;33;646;227;195;113;72;21;688;229;262;115;58;12
4011342;Lehe (Ortsteil);31.12.2021;65 oder mehr;1879;635;844;93;36;18;748;173;437;48;17;8;1131;462;407;45;19;10
4011342;Lehe (Ortsteil);31.12.2021;Insgesamt;9938;3215;2795;1089;873;368;5041;1648;1372;535;423;202;4897;1567;1423;554;450;166
4011343;Lehesterdeich (Ortsteil);31.12.2021;unter 18;2016;9;150;500;893;447;1063;5;85;281;459;224;953;4;65;219;434;223
4011343;Lehesterdeich (Ortsteil);31.12.2021;18 - 25;819;231;202;173;156;52;399;116;84;86;85;26;420;115;118;87;71;26
4011343;Lehesterdeich (Ortsteil);31.12.2021;25 - 30;608;224;239;91;39;14;324;128;119;54;18;4;284;96;120;37;21;10
4011343;Lehesterdeich (Ortsteil);31.12.2021;30 - 50;3246;712;686;772;812;254;1575;431;304;347;371;116;1671;281;382;425;441;138
4011343;Lehesterdeich (Ortsteil);31.12.2021;50 - 65;2219;704;847;415;200;44;1079;345;351;219;125;32;1140;359;496;196;75;12
4011343;Lehesterdeich (Ortsteil);31.12.2021;65 oder mehr;2999;1191;1558;176;28;12;1252;323;805;89;15;5;1747;868;753;87;13;7
4011343;Lehesterdeich (Ortsteil);31.12.2021;Insgesamt;11907;3071;3682;2127;2128;823;5692;1348;1748;1076;1073;407;6215;1723;1934;1051;1055;416
4011351;Borgfeld (Ortsteil);31.12.2021;unter 18;1956;6;61;425;1015;419;992;4;22;214;522;213;964;2;39;211;493;206
4011351;Borgfeld (Ortsteil);31.12.2021;18 - 25;674;81;78;180;245;82;368;54;43;90;125;52;306;27;35;90;120;30
4011351;Borgfeld (Ortsteil);31.12.2021;25 - 30;232;54;69;55;35;15;122;31;31;25;21;11;110;23;38;30;14;4
4011351;Borgfeld (Ortsteil);31.12.2021;30 - 50;2233;210;296;581;876;259;1018;116;131;253;398;114;1215;94;165;328;478;145
4011351;Borgfeld (Ortsteil);31.12.2021;50 - 65;2281;352;842;598;400;84;1141;179;375;299;230;54;1140;173;467;299;170;30
4011351;Borgfeld (Ortsteil);31.12.2021;65 oder mehr;1884;554;1081;188;41;18;869;171;571;100;20;6;1015;383;510;88;21;12
4011351;Borgfeld (Ortsteil);31.12.2021;Insgesamt;9260;1257;2427;2027;2612;877;4510;555;1173;981;1316;450;4750;702;1254;1046;1296;427
401136;Oberneuland (Stadtteil);31.12.2021;unter 18;2449;6;121;545;1099;598;1253;4;63;263;585;307;1196;2;58;282;514;291
401136;Oberneuland (Stadtteil);31.12.2021;18 - 25;802;98;120;208;227;135;415;47;51;120;117;71;387;51;69;88;110;64
401136;Oberneuland (Stadtteil);31.12.2021;25 - 30;445;108;136;95;71;27;208;57;55;44;38;10;237;51;81;51;33;17
401136;Oberneuland (Stadtteil);31.12.2021;30 - 50;3272;477;615;816;960;332;1519;265;267;366;430;153;1753;212;348;450;530;179
401136;Oberneuland (Stadtteil);31.12.2021;50 - 65;2998;601;1154;663;417;127;1445;307;480;316;242;75;1553;294;674;347;175;52
401136;Oberneuland (Stadtteil);31.12.2021;65 oder mehr;3857;1032;2130;399;62;19;1794;364;1114;215;38;4;2063;668;1016;184;24;15
401136;Oberneuland (Stadtteil);31.12.2021;Insgesamt;13823;2322;4276;2726;2836;1238;6634;1044;2030;1324;1450;620;7189;1278;2246;1402;1386;618
4011361;Oberneuland (Ortsteil);31.12.2021;unter 18;2449;6;121;545;1099;598;1253;4;63;263;585;307;1196;2;58;282;514;291
4011361;Oberneuland (Ortsteil);31.12.2021;18 - 25;802;98;120;208;227;135;415;47;51;120;117;71;387;51;69;88;110;64
4011361;Oberneuland (Ortsteil);31.12.2021;25 - 30;445;108;136;95;71;27;208;57;55;44;38;10;237;51;81;51;33;17
4011361;Oberneuland (Ortsteil);31.12.2021;30 - 50;3272;477;615;816;960;332;1519;265;267;366;430;153;1753;212;348;450;530;179
4011361;Oberneuland (Ortsteil);31.12.2021;50 - 65;2998;601;1154;663;417;127;1445;307;480;316;242;75;1553;294;674;347;175;52
4011361;Oberneuland (Ortsteil);31.12.2021;65 oder mehr;3857;1032;2130;399;62;19;1794;364;1114;215;38;4;2063;668;1016;184;24;15
4011361;Oberneuland (Ortsteil);31.12.2021;Insgesamt;13823;2322;4276;2726;2836;1238;6634;1044;2030;1324;1450;620;7189;1278;2246;1402;1386;618
401137;Osterholz (Stadtteil);31.12.2021;unter 18;7357;14;422;1485;2742;2632;3787;8;195;783;1401;1363;3570;6;227;702;1341;1269
401137;Osterholz (Stadtteil);31.12.2021;18 - 25;2897;423;545;699;640;535;1486;234;227;367;340;282;1411;189;318;332;300;253
401137;Osterholz (Stadtteil);31.12.2021;25 - 30;2169;527;582;470;350;215;1144;337;267;242;172;107;1025;190;315;228;178;108
401137;Osterholz (Stadtteil);31.12.2021;30 - 50;9255;1714;1571;2019;2338;1494;4566;1167;678;895;1059;684;4689;547;893;1124;1279;810
401137;Osterholz (Stadtteil);31.12.2021;50 - 65;7545;1939;3144;1396;624;330;3752;1016;1375;708;378;211;3793;923;1769;688;246;119
401137;Osterholz (Stadtteil);31.12.2021;65 oder mehr;8416;3067;4196;582;135;76;3553;892;2159;289;70;33;4863;2175;2037;293;65;43
401137;Osterholz (Stadtteil);31.12.2021;Insgesamt;37639;7684;10460;6651;6829;5282;18288;3654;4901;3284;3420;2680;19351;4030;5559;3367;3409;2602
4011371;Ellener Feld (Ortsteil);31.12.2021;unter 18;395;-;38;92;152;106;201;-;15;47;84;52;194;-;23;45;68;54
4011371;Ellener Feld (Ortsteil);31.12.2021;18 - 25;219;52;50;50;34;32;111;31;20;27;16;16;108;21;30;23;18;16
4011371;Ellener Feld (Ortsteil);31.12.2021;25 - 30;244;103;77;35;18;10;130;59;33;18;12;7;114;44;44;17;6;3
4011371;Ellener Feld (Ortsteil);31.12.2021;30 - 50;732;226;141;146;148;61;378;148;61;68;67;28;354;78;80;78;81;33
4011371;Ellener Feld (Ortsteil);31.12.2021;50 - 65;732;228;294;124;49;24;362;121;127;65;30;12;370;107;167;59;19;12
4011371;Ellener Feld (Ortsteil);31.12.2021;65 oder mehr;927;404;423;75;16;4;365;110;210;34;8;2;562;294;213;41;8;2
4011371;Ellener Feld (Ortsteil);31.12.2021;Insgesamt;3249;1013;1023;522;417;237;1547;469;466;259;217;117;1702;544;557;263;200;120
4011372;Ellenerbrok-Schevemoor (Ortsteil);31.12.2021;unter 18;2224;6;155;489;869;687;1146;3;73;260;444;352;1078;3;82;229;425;335
4011372;Ellenerbrok-Schevemoor (Ortsteil);31.12.2021;18 - 25;943;153;203;226;192;147;475;80;79;119;102;76;468;73;124;107;90;71
4011372;Ellenerbrok-Schevemoor (Ortsteil);31.12.2021;25 - 30;730;180;243;152;85;49;375;112;108;73;37;28;355;68;135;79;48;21
4011372;Ellenerbrok-Schevemoor (Ortsteil);31.12.2021;30 - 50;3031;618;540;646;737;412;1507;415;232;279;326;193;1524;203;308;367;411;219
4011372;Ellenerbrok-Schevemoor (Ortsteil);31.12.2021;50 - 65;2365;647;1002;411;177;90;1194;321;465;210;111;57;1171;326;537;201;66;33
4011372;Ellenerbrok-Schevemoor (Ortsteil);31.12.2021;65 oder mehr;2782;1092;1393;168;21;20;1139;301;711;81;9;9;1643;791;682;87;12;11
4011372;Ellenerbrok-Schevemoor (Ortsteil);31.12.2021;Insgesamt;12075;2696;3536;2092;2081;1405;5836;1232;1668;1022;1029;715;6239;1464;1868;1070;1052;690
4011373;Tenever (Ortsteil);31.12.2021;unter 18;2541;2;119;395;767;1245;1324;-;54;223;400;638;1217;2;65;172;367;607
4011373;Tenever (Ortsteil);31.12.2021;18 - 25;913;96;168;198;197;242;447;57;67;100;95;125;466;39;101;98;102;117
4011373;Tenever (Ortsteil);31.12.2021;25 - 30;602;78;127;129;143;123;310;55;62;67;70;56;292;23;65;62;73;67
4011373;Tenever (Ortsteil);31.12.2021;30 - 50;2360;315;317;469;582;656;1093;217;124;190;255;294;1267;98;193;279;327;362
4011373;Tenever (Ortsteil);31.12.2021;50 - 65;1811;383;706;354;170;146;883;195;297;174;98;98;928;188;409;180;72;48
4011373;Tenever (Ortsteil);31.12.2021;65 oder mehr;1903;618;845;143;45;33;780;169;436;71;27;14;1123;449;409;72;18;19
4011373;Tenever (Ortsteil);31.12.2021;Insgesamt;10130;1492;2282;1688;1904;2445;4837;693;1040;825;945;1225;5293;799;1242;863;959;1220
4011374;Osterholz (Ortsteil);31.12.2021;unter 18;1004;3;30;237;473;240;521;3;13;129;241;124;483;-;17;108;232;116
4011374;Osterholz (Ortsteil);31.12.2021;18 - 25;409;50;44;104;121;72;216;24;20;51;67;43;193;26;24;53;54;29
4011374;Osterholz (Ortsteil);31.12.2021;25 - 30;239;72;52;66;29;19;130;44;24;39;13;9;109;28;28;27;16;10
4011374;Osterholz (Ortsteil);31.12.2021;30 - 50;1502;180;266;411;475;163;736;115;122;195;227;77;766;65;144;216;248;86
4011374;Osterholz (Ortsteil);31.12.2021;50 - 65;1246;253;542;286;118;40;617;130;235;152;72;24;629;123;307;134;46;16
4011374;Osterholz (Ortsteil);31.12.2021;65 oder mehr;1287;344;757;106;23;10;595;114;393;55;12;4;692;230;364;51;11;6
4011374;Osterholz (Ortsteil);31.12.2021;Insgesamt;5687;902;1691;1210;1239;544;2815;430;807;621;632;281;2872;472;884;589;607;263
4011375;Blockdiek (Ortsteil);31.12.2021;unter 18;1193;3;80;272;481;354;595;2;40;124;232;197;598;1;40;148;249;157
4011375;Blockdiek (Ortsteil);31.12.2021;18 - 25;413;72;80;121;96;42;237;42;41;70;60;22;176;30;39;51;36;20
4011375;Blockdiek (Ortsteil);31.12.2021;25 - 30;354;94;83;88;75;14;199;67;40;45;40;7;155;27;43;43;35;7
4011375;Blockdiek (Ortsteil);31.12.2021;30 - 50;1630;375;307;347;396;202;852;272;139;163;184;92;778;103;168;184;212;110
4011375;Blockdiek (Ortsteil);31.12.2021;50 - 65;1391;428;600;221;110;30;696;249;251;107;67;20;695;179;349;114;43;10
4011375;Blockdiek (Ortsteil);31.12.2021;65 oder mehr;1517;609;778;90;30;9;674;198;409;48;14;4;843;411;369;42;16;5
4011375;Blockdiek (Ortsteil);31.12.2021;Insgesamt;6498;1581;1928;1139;1188;651;3253;830;920;557;597;342;3245;751;1008;582;591;309
401138;Hemelingen (Stadtteil);31.12.2021;unter 18;7366;61;524;1576;2583;2447;3878;46;290;832;1321;1294;3488;15;234;744;1262;1153
401138;Hemelingen (Stadtteil);31.12.2021;18 - 25;3410;903;706;629;607;500;1892;549;340;355;341;268;1518;354;366;274;266;232
401138;Hemelingen (Stadtteil);31.12.2021;25 - 30;2780;971;809;468;312;176;1481;599;392;230;156;75;1299;372;417;238;156;101
401138;Hemelingen (Stadtteil);31.12.2021;30 - 50;11821;3283;2249;2340;2392;1384;6135;2198;1002;1068;1112;652;5686;1085;1247;1272;1280;732
401138;Hemelingen (Stadtteil);31.12.2021;50 - 65;8906;2947;3441;1483;699;281;4622;1669;1572;757;407;183;4284;1278;1869;726;292;98
401138;Hemelingen (Stadtteil);31.12.2021;65 oder mehr;8627;3012;4444;691;146;102;3831;1048;2262;340;65;37;4796;1964;2182;351;81;65
401138;Hemelingen (Stadtteil);31.12.2021;Insgesamt;42910;11177;12173;7187;6739;4890;21839;6109;5858;3582;3402;2509;21071;5068;6315;3605;3337;2381
4011381;Sebaldsbrück (Ortsteil);31.12.2021;unter 18;1638;8;123;419;612;472;835;5;63;212;302;251;803;3;60;207;310;221
4011381;Sebaldsbrück (Ortsteil);31.12.2021;18 - 25;736;207;145;139;141;102;412;126;65;80;79;60;324;81;80;59;62;42
4011381;Sebaldsbrück (Ortsteil);31.12.2021;25 - 30;623;217;175;128;71;20;312;135;70;57;32;8;311;82;105;71;39;12
4011381;Sebaldsbrück (Ortsteil);31.12.2021;30 - 50;2672;757;548;544;537;268;1407;514;264;244;253;122;1265;243;284;300;284;146
4011381;Sebaldsbrück (Ortsteil);31.12.2021;50 - 65;2102;692;844;347;160;52;1091;396;387;175;92;36;1011;296;457;172;68;16
4011381;Sebaldsbrück (Ortsteil);31.12.2021;65 oder mehr;2126;763;1116;190;33;19;943;261;561;96;17;6;1183;502;555;94;16;13
4011381;Sebaldsbrück (Ortsteil);31.12.2021;Insgesamt;9897;2644;2951;1767;1554;933;5000;1437;1410;864;775;483;4897;1207;1541;903;779;450
4011382;Hastedt (Ortsteil);31.12.2021;unter 18;1409;43;146;342;480;351;767;37;82;181;249;192;642;6;64;161;231;159
4011382;Hastedt (Ortsteil);31.12.2021;18 - 25;897;365;235;102;117;56;483;211;105;58;64;31;414;154;130;44;53;25
4011382;Hastedt (Ortsteil);31.12.2021;25 - 30;832;385;289;71;38;34;471;231;150;40;22;16;361;154;139;31;16;18
4011382;Hastedt (Ortsteil);31.12.2021;30 - 50;3118;1204;615;548;474;213;1660;768;273;249;225;101;1458;436;342;299;249;112
4011382;Hastedt (Ortsteil);31.12.2021;50 - 65;2253;970;803;278;140;45;1158;522;366;150;82;27;1095;448;437;128;58;18
4011382;Hastedt (Ortsteil);31.12.2021;65 oder mehr;1850;802;841;114;30;20;781;265;422;54;15;10;1069;537;419;60;15;10
4011382;Hastedt (Ortsteil);31.12.2021;Insgesamt;10359;3769;2929;1455;1279;719;5320;2034;1398;732;657;377;5039;1735;1531;723;622;342
4011383;Hemelingen (Ortsteil);31.12.2021;unter 18;2248;6;144;387;710;979;1181;3;78;211;383;494;1067;3;66;176;327;485
4011383;Hemelingen (Ortsteil);31.12.2021;18 - 25;989;232;189;178;149;219;571;150;101;101;90;114;418;82;88;77;59;105
4011383;Hemelingen (Ortsteil);31.12.2021;25 - 30;717;209;195;122;108;79;380;143;97;56;48;33;337;66;98;66;60;46
4011383;Hemelingen (Ortsteil);31.12.2021;30 - 50;3186;857;579;537;630;553;1691;621;256;239;287;261;1495;236;323;298;343;292
4011383;Hemelingen (Ortsteil);31.12.2021;50 - 65;2096;748;722;327;170;111;1172;474;341;171;100;76;924;274;381;156;70;35
4011383;Hemelingen (Ortsteil);31.12.2021;65 oder mehr;1767;636;785;140;42;35;791;258;391;67;16;14;976;378;394;73;26;21
4011383;Hemelingen (Ortsteil);31.12.2021;Insgesamt;11003;2688;2614;1691;1809;1976;5786;1649;1264;845;924;992;5217;1039;1350;846;885;984
4011384;Arbergen (Ortsteil);31.12.2021;unter 18;1048;2;50;210;390;301;549;-;27;119;192;160;499;2;23;91;198;141
4011384;Arbergen (Ortsteil);31.12.2021;18 - 25;380;49;51;107;89;71;203;30;29;53;51;37;177;19;22;54;38;34
4011384;Arbergen (Ortsteil);31.12.2021;25 - 30;277;77;66;67;38;19;139;41;31;38;19;8;138;36;35;29;19;11
4011384;Arbergen (Ortsteil);31.12.2021;30 - 50;1420;206;239;362;387;174;660;124;94;162;179;82;760;82;145;200;208;92
4011384;Arbergen (Ortsteil);31.12.2021;50 - 65;1246;265;554;269;109;38;609;136;244;136;63;23;637;129;310;133;46;15
4011384;Arbergen (Ortsteil);31.12.2021;65 oder mehr;1550;410;907;144;22;14;703;130;473;70;10;3;847;280;434;74;12;11
4011384;Arbergen (Ortsteil);31.12.2021;Insgesamt;5921;1009;1867;1159;1035;617;2863;461;898;578;514;313;3058;548;969;581;521;304
4011385;Mahndorf (Ortsteil);31.12.2021;unter 18;1023;2;61;218;391;344;546;1;40;109;195;197;477;1;21;109;196;147
4011385;Mahndorf (Ortsteil);31.12.2021;18 - 25;408;50;86;103;111;52;223;32;40;63;57;26;185;18;46;40;54;26
4011385;Mahndorf (Ortsteil);31.12.2021;25 - 30;331;83;84;80;57;24;179;49;44;39;35;10;152;34;40;41;22;14
4011385;Mahndorf (Ortsteil);31.12.2021;30 - 50;1425;259;268;349;364;176;717;171;115;174;168;86;708;88;153;175;196;90
4011385;Mahndorf (Ortsteil);31.12.2021;50 - 65;1209;272;518;262;120;35;592;141;234;125;70;21;617;131;284;137;50;14
4011385;Mahndorf (Ortsteil);31.12.2021;65 oder mehr;1334;401;795;103;19;14;613;134;415;53;7;4;721;267;380;50;12;10
4011385;Mahndorf (Ortsteil);31.12.2021;Insgesamt;5730;1067;1812;1115;1062;645;2870;528;888;563;532;344;2860;539;924;552;530;301
40114;West (Stadtbezirk);31.12.2021;unter 18;15394;54;1300;3661;5031;5014;7978;31;669;1883;2588;2610;7416;23;631;1778;2443;2404
40114;West (Stadtbezirk);31.12.2021;18 - 25;8536;2851;2035;1350;1071;976;4549;1647;961;731;558;502;3987;1204;1074;619;513;474
40114;West (Stadtbezirk);31.12.2021;25 - 30;7740;3272;2253;1005;627;386;4105;1958;1075;473;278;181;3635;1314;1178;532;349;205
40114;West (Stadtbezirk);31.12.2021;30 - 50;26860;8744;5545;4828;4288;2867;14212;5748;2531;2181;2006;1320;12648;2996;3014;2647;2282;1547
40114;West (Stadtbezirk);31.12.2021;50 - 65;17862;6860;6333;2543;1307;577;9085;3714;2749;1288;787;394;8777;3146;3584;1255;520;183
40114;West (Stadtbezirk);31.12.2021;65 oder mehr;16743;7016;7519;1037;287;182;7336;2548;3875;528;141;60;9407;4468;3644;509;146;122
40114;West (Stadtbezirk);31.12.2021;Insgesamt;93135;28797;24985;14424;12611;10002;47265;15646;11860;7084;6358;5067;45870;13151;13125;7340;6253;4935
4011411;Blockland (Ortsteil);31.12.2021;unter 18;73;-;2;12;34;24;42;-;1;8;22;11;31;-;1;4;12;13
4011411;Blockland (Ortsteil);31.12.2021;18 - 25;17;2;3;-;8;4;8;1;2;-;4;1;9;1;1;-;4;3
4011411;Blockland (Ortsteil);31.12.2021;25 - 30;25;11;4;6;3;1;11;6;1;2;1;1;14;5;3;4;2;-
4011411;Blockland (Ortsteil);31.12.2021;30 - 50;126;19;27;25;34;20;61;12;13;11;14;10;65;7;14;14;20;10
4011411;Blockland (Ortsteil);31.12.2021;50 - 65;89;22;31;16;14;5;49;13;16;7;9;3;40;9;15;9;5;2
4011411;Blockland (Ortsteil);31.12.2021;65 oder mehr;101;13;57;15;5;10;44;6;28;6;1;2;57;7;29;9;4;8
4011411;Blockland (Ortsteil);31.12.2021;Insgesamt;431;67;124;74;98;64;215;38;61;34;51;28;216;29;63;40;47;36
401142;Findorff (Stadtteil);31.12.2021;unter 18;3028;9;291;860;1248;546;1567;5;143;445;649;280;1461;4;148;415;599;266
401142;Findorff (Stadtteil);31.12.2021;18 - 25;2160;914;526;291;226;90;1083;447;249;161;126;45;1077;467;277;130;100;45
401142;Findorff (Stadtteil);31.12.2021;25 - 30;2337;1248;744;166;79;29;1157;636;340;82;41;10;1180;612;404;84;38;19
401142;Findorff (Stadtteil);31.12.2021;30 - 50;7107;2685;1548;1287;1135;353;3530;1530;701;578;502;166;3577;1155;847;709;633;187
401142;Findorff (Stadtteil);31.12.2021;50 - 65;5165;2124;1848;715;373;69;2442;1025;773;356;225;46;2723;1099;1075;359;148;23
401142;Findorff (Stadtteil);31.12.2021;65 oder mehr;5553;2432;2450;295;69;34;2383;843;1267;157;34;9;3170;1589;1183;138;35;25
401142;Findorff (Stadtteil);31.12.2021;Insgesamt;25350;9412;7407;3614;3130;1121;12162;4486;3473;1779;1577;556;13188;4926;3934;1835;1553;565
4011421;Regensburger Straße (Ortsteil);31.12.2021;unter 18;837;2;77;239;326;154;452;2;41;135;174;79;385;-;36;104;152;75
4011421;Regensburger Straße (Ortsteil);31.12.2021;18 - 25;700;335;172;77;64;34;347;165;79;44;34;18;353;170;93;33;30;16
4011421;Regensburger Straße (Ortsteil);31.12.2021;25 - 30;726;404;238;51;17;11;371;219;109;26;11;4;355;185;129;25;6;7
4011421;Regensburger Straße (Ortsteil);31.12.2021;30 - 50;2054;812;448;353;305;98;1051;474;214;162;139;46;1003;338;234;191;166;52
4011421;Regensburger Straße (Ortsteil);31.12.2021;50 - 65;1377;515;531;193;108;25;657;262;218;94;65;16;720;253;313;99;43;9
4011421;Regensburger Straße (Ortsteil);31.12.2021;65 oder mehr;1111;450;489;69;10;1;497;185;247;36;5;-;614;265;242;33;5;1
4011421;Regensburger Straße (Ortsteil);31.12.2021;Insgesamt;6805;2518;1955;982;830;323;3375;1307;908;497;428;163;3430;1211;1047;485;402;160
4011422;Findorff-Bürgerweide (Ortsteil);31.12.2021;unter 18;687;3;69;183;289;130;358;1;35;97;152;63;329;2;34;86;137;67
4011422;Findorff-Bürgerweide (Ortsteil);31.12.2021;18 - 25;651;357;163;59;46;15;313;164;80;33;26;4;338;193;83;26;20;11
4011422;Findorff-Bürgerweide (Ortsteil);31.12.2021;25 - 30;787;486;231;45;19;6;376;242;105;18;9;2;411;244;126;27;10;4
4011422;Findorff-Bürgerweide (Ortsteil);31.12.2021;30 - 50;1939;948;383;256;257;91;987;537;183;113;110;42;952;411;200;143;147;49
4011422;Findorff-Bürgerweide (Ortsteil);31.12.2021;50 - 65;1213;628;361;135;78;10;596;318;153;65;51;8;617;310;208;70;27;2
4011422;Findorff-Bürgerweide (Ortsteil);31.12.2021;65 oder mehr;977;521;392;51;3;7;462;222;207;29;1;1;515;299;185;22;2;6
4011422;Findorff-Bürgerweide (Ortsteil);31.12.2021;Insgesamt;6254;2943;1599;729;692;259;3092;1484;763;355;349;120;3162;1459;836;374;343;139
4011423;Weidedamm (Ortsteil);31.12.2021;unter 18;1493;4;144;437;627;259;751;2;66;212;320;137;742;2;78;225;307;122
4011423;Weidedamm (Ortsteil);31.12.2021;18 - 25;797;219;188;154;111;41;418;116;90;83;64;23;379;103;98;71;47;18
4011423;Weidedamm (Ortsteil);31.12.2021;25 - 30;812;356;269;70;40;12;403;174;123;38;19;4;409;182;146;32;21;8
4011423;Weidedamm (Ortsteil);31.12.2021;30 - 50;3085;919;708;676;562;163;1477;515;299;301;249;78;1608;404;409;375;313;85
4011423;Weidedamm (Ortsteil);31.12.2021;50 - 65;2525;964;937;382;179;33;1160;433;394;194;104;21;1365;531;543;188;75;12
4011423;Weidedamm (Ortsteil);31.12.2021;65 oder mehr;3397;1435;1536;169;54;26;1395;429;796;89;27;8;2002;1006;740;80;27;18
4011423;Weidedamm (Ortsteil);31.12.2021;Insgesamt;12109;3897;3782;1888;1573;534;5604;1669;1768;917;783;271;6505;2228;2014;971;790;263
4011424;In den Hufen (Ortsteil);31.12.2021;unter 18;11;-;1;1;6;3;6;-;1;1;3;1;5;-;-;-;3;2
4011424;In den Hufen (Ortsteil);31.12.2021;18 - 25;12;3;3;1;5;-;5;2;-;1;2;-;7;1;3;-;3;-
4011424;In den Hufen (Ortsteil);31.12.2021;25 - 30;12;2;6;-;3;-;7;1;3;-;2;-;5;1;3;-;1;-
4011424;In den Hufen (Ortsteil);31.12.2021;30 - 50;29;6;9;2;11;1;15;4;5;2;4;-;14;2;4;-;7;1
4011424;In den Hufen (Ortsteil);31.12.2021;50 - 65;50;17;19;5;8;1;29;12;8;3;5;1;21;5;11;2;3;-
4011424;In den Hufen (Ortsteil);31.12.2021;65 oder mehr;68;26;33;6;2;-;29;7;17;3;1;-;39;19;16;3;1;-
4011424;In den Hufen (Ortsteil);31.12.2021;Insgesamt;182;54;71;15;35;5;91;26;34;10;17;2;91;28;37;5;18;3
401143;Walle (Stadtteil);31.12.2021;unter 18;4956;29;402;1253;1597;1571;2552;19;204;636;809;824;2404;10;198;617;788;747
401143;Walle (Stadtteil);31.12.2021;18 - 25;3055;1112;802;440;344;314;1626;640;372;240;177;174;1429;472;430;200;167;140
401143;Walle (Stadtteil);31.12.2021;25 - 30;2895;1226;946;359;211;125;1540;759;460;163;84;63;1355;467;486;196;127;62
401143;Walle (Stadtteil);31.12.2021;30 - 50;9366;3155;2124;1723;1374;910;4982;2048;1019;789;667;419;4384;1107;1105;934;707;491
401143;Walle (Stadtteil);31.12.2021;50 - 65;6018;2379;2178;800;433;195;3117;1351;962;402;252;126;2901;1028;1216;398;181;69
401143;Walle (Stadtteil);31.12.2021;65 oder mehr;5031;2223;2249;307;106;71;2212;811;1155;152;48;30;2819;1412;1094;155;58;41
401143;Walle (Stadtteil);31.12.2021;Insgesamt;31321;10124;8701;4882;4065;3186;16029;5628;4172;2382;2037;1636;15292;4496;4529;2500;2028;1550
4011431;Utbremen (Ortsteil);31.12.2021;unter 18;574;1;47;139;186;199;298;1;26;73;102;96;276;-;21;66;84;103
4011431;Utbremen (Ortsteil);31.12.2021;18 - 25;305;89;79;55;48;33;148;44;43;25;23;13;157;45;36;30;25;20
4011431;Utbremen (Ortsteil);31.12.2021;25 - 30;267;115;76;42;24;7;139;72;40;16;6;4;128;43;36;26;18;3
4011431;Utbremen (Ortsteil);31.12.2021;30 - 50;890;272;174;178;147;114;438;161;80;75;69;50;452;111;94;103;78;64
4011431;Utbremen (Ortsteil);31.12.2021;50 - 65;613;216;256;70;48;22;303;117;109;31;30;16;310;99;147;39;18;6
4011431;Utbremen (Ortsteil);31.12.2021;65 oder mehr;605;283;279;23;11;7;257;100;138;11;5;2;348;183;141;12;6;5
4011431;Utbremen (Ortsteil);31.12.2021;Insgesamt;3254;976;911;507;464;382;1583;495;436;231;235;181;1671;481;475;276;229;201
4011432;Steffensweg (Ortsteil);31.12.2021;unter 18;628;5;63;191;205;163;318;2;28;101;111;75;310;3;35;90;94;88
4011432;Steffensweg (Ortsteil);31.12.2021;18 - 25;458;183;131;61;41;41;251;109;66;38;20;17;207;74;65;23;21;24
4011432;Steffensweg (Ortsteil);31.12.2021;25 - 30;428;201;123;63;25;14;232;133;58;28;8;5;196;68;65;35;17;9
4011432;Steffensweg (Ortsteil);31.12.2021;30 - 50;1320;528;265;255;180;87;717;335;132;121;88;39;603;193;133;134;92;48
4011432;Steffensweg (Ortsteil);31.12.2021;50 - 65;850;386;276;119;44;22;449;219;123;58;29;17;401;167;153;61;15;5
4011432;Steffensweg (Ortsteil);31.12.2021;65 oder mehr;762;419;285;37;12;6;296;123;147;19;5;1;466;296;138;18;7;5
4011432;Steffensweg (Ortsteil);31.12.2021;Insgesamt;4446;1722;1143;726;507;333;2263;921;554;365;261;154;2183;801;589;361;246;179
4011433;Westend (Ortsteil);31.12.2021;unter 18;923;5;79;228;328;256;477;2;41;113;167;140;446;3;38;115;161;116
4011433;Westend (Ortsteil);31.12.2021;18 - 25;655;263;186;69;60;58;339;148;89;36;33;28;316;115;97;33;27;30
4011433;Westend (Ortsteil);31.12.2021;25 - 30;647;333;190;59;33;25;346;203;89;25;14;10;301;130;101;34;19;15
4011433;Westend (Ortsteil);31.12.2021;30 - 50;2030;783;464;326;299;144;1106;510;223;151;146;68;924;273;241;175;153;76
4011433;Westend (Ortsteil);31.12.2021;50 - 65;1195;552;385;127;83;36;614;302;170;61;51;22;581;250;215;66;32;14
4011433;Westend (Ortsteil);31.12.2021;65 oder mehr;1018;467;425;61;19;16;443;180;216;27;7;7;575;287;209;34;12;9
4011433;Westend (Ortsteil);31.12.2021;Insgesamt;6468;2403;1729;870;822;535;3325;1345;828;413;418;275;3143;1058;901;457;404;260
4011434;Walle (Ortsteil);31.12.2021;unter 18;1263;6;87;312;426;414;654;5;44;160;218;218;609;1;43;152;208;196
4011434;Walle (Ortsteil);31.12.2021;18 - 25;749;293;136;138;107;66;392;162;61;74;51;38;357;131;75;64;56;28
4011434;Walle (Ortsteil);31.12.2021;25 - 30;570;255;153;75;52;30;296;148;74;35;25;12;274;107;79;40;27;18
4011434;Walle (Ortsteil);31.12.2021;30 - 50;2162;707;424;407;368;230;1100;433;189;180;176;109;1062;274;235;227;192;121
4011434;Walle (Ortsteil);31.12.2021;50 - 65;1634;648;566;239;129;40;841;364;249;122;71;26;793;284;317;117;58;14
4011434;Walle (Ortsteil);31.12.2021;65 oder mehr;1426;585;676;89;23;15;634;218;347;42;12;9;792;367;329;47;11;6
4011434;Walle (Ortsteil);31.12.2021;Insgesamt;7804;2494;2042;1260;1105;795;3917;1330;964;613;553;412;3887;1164;1078;647;552;383
4011435;Osterfeuerberg (Ortsteil);31.12.2021;unter 18;855;8;76;210;288;260;431;5;37;102;136;140;424;3;39;108;152;120
4011435;Osterfeuerberg (Ortsteil);31.12.2021;18 - 25;434;184;90;69;42;40;239;104;43;35;25;23;195;80;47;34;17;17
4011435;Osterfeuerberg (Ortsteil);31.12.2021;25 - 30;412;200;127;38;33;12;233;123;65;20;14;10;179;77;62;18;19;2
4011435;Osterfeuerberg (Ortsteil);31.12.2021;30 - 50;1542;539;308;299;244;148;847;376;136;137;125;71;695;163;172;162;119;77
4011435;Osterfeuerberg (Ortsteil);31.12.2021;50 - 65;1084;420;428;142;76;18;558;244;187;73;43;11;526;176;241;69;33;7
4011435;Osterfeuerberg (Ortsteil);31.12.2021;65 oder mehr;788;364;352;53;13;5;381;151;187;31;7;4;407;213;165;22;6;1
4011435;Osterfeuerberg (Ortsteil);31.12.2021;Insgesamt;5115;1715;1381;811;696;483;2689;1003;655;398;350;259;2426;712;726;413;346;224
4011436;Hohweg (Ortsteil);31.12.2021;unter 18;39;-;3;7;9;18;22;-;3;3;6;8;17;-;-;4;3;10
4011436;Hohweg (Ortsteil);31.12.2021;18 - 25;21;5;3;2;3;7;17;5;2;1;2;6;4;-;1;1;1;1
4011436;Hohweg (Ortsteil);31.12.2021;25 - 30;11;1;1;7;1;1;6;-;1;4;1;-;5;1;-;3;-;1
4011436;Hohweg (Ortsteil);31.12.2021;30 - 50;47;18;5;8;8;7;21;11;2;2;3;2;26;7;3;6;5;5
4011436;Hohweg (Ortsteil);31.12.2021;50 - 65;86;34;29;9;8;4;49;20;13;6;5;3;37;14;16;3;3;1
4011436;Hohweg (Ortsteil);31.12.2021;65 oder mehr;112;52;50;8;2;-;44;16;23;5;-;-;68;36;27;3;2;-
4011436;Hohweg (Ortsteil);31.12.2021;Insgesamt;316;110;91;41;31;37;159;52;44;21;17;19;157;58;47;20;14;18
4011437;Überseestadt (Ortsteil);31.12.2021;unter 18;674;4;47;166;155;261;352;4;25;84;69;147;322;-;22;82;86;114
4011437;Überseestadt (Ortsteil);31.12.2021;18 - 25;433;95;177;46;43;69;240;68;68;31;23;49;193;27;109;15;20;20
4011437;Überseestadt (Ortsteil);31.12.2021;25 - 30;560;121;276;75;43;36;288;80;133;35;16;22;272;41;143;40;27;14
4011437;Überseestadt (Ortsteil);31.12.2021;30 - 50;1375;308;484;250;128;180;753;222;257;123;60;80;622;86;227;127;68;100
4011437;Überseestadt (Ortsteil);31.12.2021;50 - 65;556;123;238;94;45;53;303;85;111;51;23;31;253;38;127;43;22;22
4011437;Überseestadt (Ortsteil);31.12.2021;65 oder mehr;320;53;182;36;26;22;157;23;97;17;12;7;163;30;85;19;14;15
4011437;Überseestadt (Ortsteil);31.12.2021;Insgesamt;3918;704;1404;667;440;621;2093;482;691;341;203;336;1825;222;713;326;237;285
401144;Gröpelingen (Stadtteil);31.12.2021;unter 18;7337;16;605;1536;2152;2873;3817;7;321;794;1108;1495;3520;9;284;742;1044;1378
401144;Gröpelingen (Stadtteil);31.12.2021;18 - 25;3304;823;704;619;493;568;1832;559;338;330;251;282;1472;264;366;289;242;286
401144;Gröpelingen (Stadtteil);31.12.2021;25 - 30;2483;787;559;474;334;231;1397;557;274;226;152;107;1086;230;285;248;182;124
401144;Gröpelingen (Stadtteil);31.12.2021;30 - 50;10261;2885;1846;1793;1745;1584;5639;2158;798;803;823;725;4622;727;1048;990;922;859
401144;Gröpelingen (Stadtteil);31.12.2021;50 - 65;6590;2335;2276;1012;487;308;3477;1325;998;523;301;219;3113;1010;1278;489;186;89
401144;Gröpelingen (Stadtteil);31.12.2021;65 oder mehr;6058;2348;2763;420;107;67;2697;888;1425;213;58;19;3361;1460;1338;207;49;48
401144;Gröpelingen (Stadtteil);31.12.2021;Insgesamt;36033;9194;8753;5854;5318;5631;18859;5494;4154;2889;2693;2847;17174;3700;4599;2965;2625;2784
4011441;Lindenhof (Ortsteil);31.12.2021;unter 18;1625;7;112;347;472;672;857;3;61;189;251;340;768;4;51;158;221;332
4011441;Lindenhof (Ortsteil);31.12.2021;18 - 25;761;201;168;134;113;140;428;140;83;65;61;75;333;61;85;69;52;65
4011441;Lindenhof (Ortsteil);31.12.2021;25 - 30;547;185;116;100;67;72;316;138;54;46;34;38;231;47;62;54;33;34
4011441;Lindenhof (Ortsteil);31.12.2021;30 - 50;2352;692;424;425;377;377;1364;543;210;211;183;176;988;149;214;214;194;201
4011441;Lindenhof (Ortsteil);31.12.2021;50 - 65;1515;560;502;212;113;82;817;336;219;106;68;59;698;224;283;106;45;23
4011441;Lindenhof (Ortsteil);31.12.2021;65 oder mehr;1418;547;625;95;30;24;630;220;317;49;14;5;788;327;308;46;16;19
4011441;Lindenhof (Ortsteil);31.12.2021;Insgesamt;8218;2192;1947;1313;1172;1367;4412;1380;944;666;611;693;3806;812;1003;647;561;674
4011442;Gröpelingen (Ortsteil);31.12.2021;unter 18;2003;3;223;476;596;631;1001;2;106;230;300;323;1002;1;117;246;296;308
4011442;Gröpelingen (Ortsteil);31.12.2021;18 - 25;846;195;219;194;105;110;464;129;106;106;61;48;382;66;113;88;44;62
4011442;Gröpelingen (Ortsteil);31.12.2021;25 - 30;688;202;177;151;90;48;374;143;87;76;36;22;314;59;90;75;54;26
4011442;Gröpelingen (Ortsteil);31.12.2021;30 - 50;2601;771;500;494;447;342;1332;558;192;201;203;156;1269;213;308;293;244;186
4011442;Gröpelingen (Ortsteil);31.12.2021;50 - 65;1662;636;592;266;98;55;811;324;242;140;58;38;851;312;350;126;40;17
4011442;Gröpelingen (Ortsteil);31.12.2021;65 oder mehr;1544;663;732;95;21;9;677;231;377;49;13;2;867;432;355;46;8;7
4011442;Gröpelingen (Ortsteil);31.12.2021;Insgesamt;9344;2470;2443;1676;1357;1195;4659;1387;1110;802;671;589;4685;1083;1333;874;686;606
4011443;Ohlenhof (Ortsteil);31.12.2021;unter 18;1977;4;146;373;549;869;1050;2;90;196;285;460;927;2;56;177;264;409
4011443;Ohlenhof (Ortsteil);31.12.2021;18 - 25;911;257;176;144;138;181;511;190;82;79;65;91;400;67;94;65;73;90
4011443;Ohlenhof (Ortsteil);31.12.2021;25 - 30;654;225;142;109;107;61;384;169;78;49;55;27;270;56;64;60;52;34
4011443;Ohlenhof (Ortsteil);31.12.2021;30 - 50;2758;872;472;437;445;489;1499;639;200;193;213;225;1259;233;272;244;232;264
4011443;Ohlenhof (Ortsteil);31.12.2021;50 - 65;1722;676;507;243;144;95;956;418;222;134;89;65;766;258;285;109;55;30
4011443;Ohlenhof (Ortsteil);31.12.2021;65 oder mehr;1432;573;579;107;25;16;662;241;309;55;17;5;770;332;270;52;8;11
4011443;Ohlenhof (Ortsteil);31.12.2021;Insgesamt;9454;2607;2022;1413;1408;1711;5062;1659;981;706;724;873;4392;948;1041;707;684;838
4011444;In den Wischen (Ortsteil);31.12.2021;unter 18;-;-;-;-;-;-;-;-;-;-;-;-;-;-;-;-;-;-
4011444;In den Wischen (Ortsteil);31.12.2021;18 - 25;1;1;-;-;-;-;1;1;-;-;-;-;-;-;-;-;-;-
4011444;In den Wischen (Ortsteil);31.12.2021;25 - 30;1;1;-;-;-;-;-;-;-;-;-;-;1;1;-;-;-;-
4011444;In den Wischen (Ortsteil);31.12.2021;30 - 50;-;-;-;-;-;-;-;-;-;-;-;-;-;-;-;-;-;-
4011444;In den Wischen (Ortsteil);31.12.2021;50 - 65;-;-;-;-;-;-;-;-;-;-;-;-;-;-;-;-;-;-
4011444;In den Wischen (Ortsteil);31.12.2021;65 oder mehr;2;2;-;-;-;-;2;2;-;-;-;-;-;-;-;-;-;-
4011444;In den Wischen (Ortsteil);31.12.2021;Insgesamt;4;4;-;-;-;-;3;3;-;-;-;-;1;1;-;-;-;-
4011445;Oslebshausen (Ortsteil);31.12.2021;unter 18;1732;2;124;340;535;701;909;-;64;179;272;372;823;2;60;161;263;329
4011445;Oslebshausen (Ortsteil);31.12.2021;18 - 25;785;169;141;147;137;137;428;99;67;80;64;68;357;70;74;67;73;69
4011445;Oslebshausen (Ortsteil);31.12.2021;25 - 30;593;174;124;114;70;50;323;107;55;55;27;20;270;67;69;59;43;30
4011445;Oslebshausen (Ortsteil);31.12.2021;30 - 50;2550;550;450;437;476;376;1444;418;196;198;224;168;1106;132;254;239;252;208
4011445;Oslebshausen (Ortsteil);31.12.2021;50 - 65;1691;463;675;291;132;76;893;247;315;143;86;57;798;216;360;148;46;19
4011445;Oslebshausen (Ortsteil);31.12.2021;65 oder mehr;1662;563;827;123;31;18;726;194;422;60;14;7;936;369;405;63;17;11
4011445;Oslebshausen (Ortsteil);31.12.2021;Insgesamt;9013;1921;2341;1452;1381;1358;4723;1065;1119;715;687;692;4290;856;1222;737;694;666
40115;Nord (Stadtbezirk);31.12.2021;unter 18;18455;64;1333;3783;5996;6733;9511;26;679;1951;3101;3463;8944;38;654;1832;2895;3270
40115;Nord (Stadtbezirk);31.12.2021;18 - 25;8454;1490;1505;1572;1440;1284;4515;855;690;793;791;702;3939;635;815;779;649;582
40115;Nord (Stadtbezirk);31.12.2021;25 - 30;5394;1574;1369;1053;744;470;2760;949;669;497;336;201;2634;625;700;556;408;269
40115;Nord (Stadtbezirk);31.12.2021;30 - 50;24076;5464;4556;5053;5079;3440;12097;3749;1946;2224;2333;1588;11979;1715;2610;2829;2746;1852
40115;Nord (Stadtbezirk);31.12.2021;50 - 65;20766;6176;8610;3398;1546;702;10347;3296;3828;1714;872;450;10419;2880;4782;1684;674;252
40115;Nord (Stadtbezirk);31.12.2021;65 oder mehr;23053;8022;11518;1781;360;252;10032;2624;5955;879;170;79;13021;5398;5563;902;190;173
40115;Nord (Stadtbezirk);31.12.2021;Insgesamt;100198;22790;28891;16640;15165;12881;49262;11499;13767;8058;7603;6483;50936;11291;15124;8582;7562;6398
401151;Burglesum (Stadtteil);31.12.2021;unter 18;5437;13;403;1254;2028;1601;2799;7;210;640;1059;802;2638;6;193;614;969;799
401151;Burglesum (Stadtteil);31.12.2021;18 - 25;2730;452;463;520;474;325;1481;267;208;282;246;186;1249;185;255;238;228;139
401151;Burglesum (Stadtteil);31.12.2021;25 - 30;1800;596;503;338;214;104;902;345;239;161;89;42;898;251;264;177;125;62
401151;Burglesum (Stadtteil);31.12.2021;30 - 50;7904;1822;1525;1764;1742;897;3941;1193;666;776;810;414;3963;629;859;988;932;483
401151;Burglesum (Stadtteil);31.12.2021;50 - 65;6840;2051;2725;1178;510;200;3380;1085;1188;596;290;127;3460;966;1537;582;220;73
401151;Burglesum (Stadtteil);31.12.2021;65 oder mehr;8377;2841;4040;599;114;58;3627;927;2118;296;55;20;4750;1914;1922;303;59;38
401151;Burglesum (Stadtteil);31.12.2021;Insgesamt;33088;7775;9659;5653;5082;3185;16130;3824;4629;2751;2549;1591;16958;3951;5030;2902;2533;1594
4011511;Burg-Grambke (Ortsteil);31.12.2021;unter 18;1177;5;69;235;412;425;603;3;35;119;225;205;574;2;34;116;187;220
4011511;Burg-Grambke (Ortsteil);31.12.2021;18 - 25;500;91;86;113;101;102;253;55;32;67;44;50;247;36;54;46;57;52
4011511;Burg-Grambke (Ortsteil);31.12.2021;25 - 30;368;129;95;68;48;24;184;86;42;25;19;9;184;43;53;43;29;15
4011511;Burg-Grambke (Ortsteil);31.12.2021;30 - 50;1655;392;303;380;343;229;859;274;134;175;165;109;796;118;169;205;178;120
4011511;Burg-Grambke (Ortsteil);31.12.2021;50 - 65;1453;447;549;284;100;44;742;258;236;149;57;29;711;189;313;135;43;15
4011511;Burg-Grambke (Ortsteil);31.12.2021;65 oder mehr;1582;492;790;118;27;12;716;175;419;56;14;6;866;317;371;62;13;6
4011511;Burg-Grambke (Ortsteil);31.12.2021;Insgesamt;6735;1556;1892;1198;1031;836;3357;851;898;591;524;408;3378;705;994;607;507;428
4011512;Werderland (Ortsteil);31.12.2021;unter 18;42;-;2;7;21;11;20;-;1;1;12;5;22;-;1;6;9;6
4011512;Werderland (Ortsteil);31.12.2021;18 - 25;10;1;1;3;2;3;6;1;1;2;2;-;4;-;-;1;-;3
4011512;Werderland (Ortsteil);31.12.2021;25 - 30;16;2;5;5;3;1;8;1;3;1;2;1;8;1;2;4;1;-
4011512;Werderland (Ortsteil);31.12.2021;30 - 50;61;9;14;8;19;11;29;5;8;5;7;4;32;4;6;3;12;7
4011512;Werderland (Ortsteil);31.12.2021;50 - 65;117;36;52;11;11;4;61;21;22;5;8;3;56;15;30;6;3;1
4011512;Werderland (Ortsteil);31.12.2021;65 oder mehr;78;28;36;7;7;-;34;10;19;3;2;-;44;18;17;4;5;-
4011512;Werderland (Ortsteil);31.12.2021;Insgesamt;324;76;110;41;63;30;158;38;54;17;33;13;166;38;56;24;30;17
4011513;Burgdamm (Ortsteil);31.12.2021;unter 18;2015;5;172;478;716;635;1044;3;88;242;383;322;971;2;84;236;333;313
4011513;Burgdamm (Ortsteil);31.12.2021;18 - 25;730;145;161;159;155;106;405;90;80;87;78;66;325;55;81;72;77;40
4011513;Burgdamm (Ortsteil);31.12.2021;25 - 30;610;172;169;127;88;50;329;116;84;63;38;25;281;56;85;64;50;25
4011513;Burgdamm (Ortsteil);31.12.2021;30 - 50;2660;612;524;617;558;343;1321;424;220;261;255;157;1339;188;304;356;303;186
4011513;Burgdamm (Ortsteil);31.12.2021;50 - 65;2078;638;861;347;151;69;1041;347;372;175;92;48;1037;291;489;172;59;21
4011513;Burgdamm (Ortsteil);31.12.2021;65 oder mehr;2356;927;1160;178;27;17;1027;294;614;89;13;5;1329;633;546;89;14;12
4011513;Burgdamm (Ortsteil);31.12.2021;Insgesamt;10449;2499;3047;1906;1695;1220;5167;1274;1458;917;859;623;5282;1225;1589;989;836;597
4011514;Lesum (Ortsteil);31.12.2021;unter 18;1393;1;107;330;533;344;715;1;57;166;272;172;678;-;50;164;261;172
4011514;Lesum (Ortsteil);31.12.2021;18 - 25;634;137;129;139;124;69;325;74;50;66;72;42;309;63;79;73;52;27
4011514;Lesum (Ortsteil);31.12.2021;25 - 30;498;187;130;82;48;25;226;88;64;41;17;6;272;99;66;41;31;19
4011514;Lesum (Ortsteil);31.12.2021;30 - 50;2157;513;425;422;479;197;1055;312;192;178;219;89;1102;201;233;244;260;108
4011514;Lesum (Ortsteil);31.12.2021;50 - 65;1954;581;757;327;135;49;926;274;333;163;69;25;1028;307;424;164;66;24
4011514;Lesum (Ortsteil);31.12.2021;65 oder mehr;2559;785;1162;181;34;20;1077;247;606;92;16;3;1482;538;556;89;18;17
4011514;Lesum (Ortsteil);31.12.2021;Insgesamt;9195;2204;2710;1481;1353;704;4324;996;1302;706;665;337;4871;1208;1408;775;688;367
4011515;St  Magnus (Ortsteil);31.12.2021;unter 18;810;2;53;204;346;186;417;-;29;112;167;98;393;2;24;92;179;88
4011515;St  Magnus (Ortsteil);31.12.2021;18 - 25;856;78;86;106;92;45;492;47;45;60;50;28;364;31;41;46;42;17
4011515;St  Magnus (Ortsteil);31.12.2021;25 - 30;308;106;104;56;27;4;155;54;46;31;13;1;153;52;58;25;14;3
4011515;St  Magnus (Ortsteil);31.12.2021;30 - 50;1371;296;259;337;343;117;677;178;112;157;164;55;694;118;147;180;179;62
4011515;St  Magnus (Ortsteil);31.12.2021;50 - 65;1238;349;506;209;113;34;610;185;225;104;64;22;628;164;281;105;49;12
4011515;St  Magnus (Ortsteil);31.12.2021;65 oder mehr;1802;609;892;115;19;9;773;201;460;56;10;6;1029;408;432;59;9;3
4011515;St  Magnus (Ortsteil);31.12.2021;Insgesamt;6385;1440;1900;1027;940;395;3124;665;917;520;468;210;3261;775;983;507;472;185
401152;Vegesack (Stadtteil);31.12.2021;unter 18;6289;35;464;1253;1980;2217;3221;12;227;644;1019;1144;3068;23;237;609;961;1073
401152;Vegesack (Stadtteil);31.12.2021;18 - 25;3193;549;617;500;454;433;1732;323;295;239;262;239;1461;226;322;261;192;194
401152;Vegesack (Stadtteil);31.12.2021;25 - 30;1821;537;455;345;230;144;969;340;220;161;111;68;852;197;235;184;119;76
401152;Vegesack (Stadtteil);31.12.2021;30 - 50;8399;1970;1603;1675;1721;1154;4268;1369;677;749;791;528;4131;601;926;926;930;626
401152;Vegesack (Stadtteil);31.12.2021;50 - 65;7146;2153;2981;1162;499;243;3560;1136;1331;584;286;161;3586;1017;1650;578;213;82
401152;Vegesack (Stadtteil);31.12.2021;65 oder mehr;8030;2796;4096;629;105;130;3463;877;2106;309;50;38;4567;1919;1990;320;55;92
401152;Vegesack (Stadtteil);31.12.2021;Insgesamt;34878;8040;10216;5564;4989;4321;17213;4057;4856;2686;2519;2178;17665;3983;5360;2878;2470;2143
4011521;Vegesack (Ortsteil);31.12.2021;unter 18;963;8;100;211;298;327;502;4;55;108;154;172;461;4;45;103;144;155
4011521;Vegesack (Ortsteil);31.12.2021;18 - 25;485;131;124;90;69;71;275;86;64;42;42;41;210;45;60;48;27;30
4011521;Vegesack (Ortsteil);31.12.2021;25 - 30;347;130;100;52;38;23;186;86;48;23;16;11;161;44;52;29;22;12
4011521;Vegesack (Ortsteil);31.12.2021;30 - 50;1534;485;313;292;242;174;776;319;120;128;113;80;758;166;193;164;129;94
4011521;Vegesack (Ortsteil);31.12.2021;50 - 65;1422;534;535;195;71;48;710;273;247;97;40;29;712;261;288;98;31;19
4011521;Vegesack (Ortsteil);31.12.2021;65 oder mehr;1848;724;882;104;18;40;776;219;452;53;11;11;1072;505;430;51;7;29
4011521;Vegesack (Ortsteil);31.12.2021;Insgesamt;6599;2012;2054;944;736;683;3225;987;986;451;376;344;3374;1025;1068;493;360;339
4011522;Grohn (Ortsteil);31.12.2021;unter 18;1433;9;70;214;381;716;728;4;35;109;200;359;705;5;35;105;181;357
4011522;Grohn (Ortsteil);31.12.2021;18 - 25;995;78;131;78;72;109;564;43;66;40;39;63;431;35;65;38;33;46
4011522;Grohn (Ortsteil);31.12.2021;25 - 30;291;59;67;58;42;55;143;34;33;23;23;24;148;25;34;35;19;31
4011522;Grohn (Ortsteil);31.12.2021;30 - 50;1408;212;261;279;282;316;686;148;123;125;121;137;722;64;138;154;161;179
4011522;Grohn (Ortsteil);31.12.2021;50 - 65;1095;258;505;180;82;57;546;141;221;88;48;39;549;117;284;92;34;18
4011522;Grohn (Ortsteil);31.12.2021;65 oder mehr;1245;403;667;117;18;21;549;132;339;57;8;6;696;271;328;60;10;15
4011522;Grohn (Ortsteil);31.12.2021;Insgesamt;6467;1019;1701;926;877;1274;3216;502;817;442;439;628;3251;517;884;484;438;646
4011523;Schönebeck (Ortsteil);31.12.2021;unter 18;994;8;63;222;385;295;519;2;30;117;207;151;475;6;33;105;178;144
4011523;Schönebeck (Ortsteil);31.12.2021;18 - 25;363;68;82;66;78;65;189;31;33;29;56;39;174;37;49;37;22;26
4011523;Schönebeck (Ortsteil);31.12.2021;25 - 30;247;61;80;57;33;16;133;36;36;36;16;9;114;25;44;21;17;7
4011523;Schönebeck (Ortsteil);31.12.2021;30 - 50;1294;212;274;279;363;157;623;137;123;122;167;70;671;75;151;157;196;87
4011523;Schönebeck (Ortsteil);31.12.2021;50 - 65;1117;265;489;216;95;45;537;134;208;107;55;29;580;131;281;109;40;16
4011523;Schönebeck (Ortsteil);31.12.2021;65 oder mehr;1337;391;729;125;18;9;586;115;384;61;9;2;751;276;345;64;9;7
4011523;Schönebeck (Ortsteil);31.12.2021;Insgesamt;5352;1005;1717;965;972;587;2587;455;814;472;510;300;2765;550;903;493;462;287
4011524;Aumund-Hammersbeck (Ortsteil);31.12.2021;unter 18;1377;5;107;331;533;390;679;1;49;167;252;208;698;4;58;164;281;182
4011524;Aumund-Hammersbeck (Ortsteil);31.12.2021;18 - 25;607;100;118;141;152;95;294;56;40;66;85;46;313;44;78;75;67;49
4011524;Aumund-Hammersbeck (Ortsteil);31.12.2021;25 - 30;391;117;90;94;66;22;198;73;45;37;34;8;193;44;45;57;32;14
4011524;Aumund-Hammersbeck (Ortsteil);31.12.2021;30 - 50;1890;386;323;455;492;229;937;270;131;205;223;106;953;116;192;250;269;123
4011524;Aumund-Hammersbeck (Ortsteil);31.12.2021;50 - 65;1730;476;758;288;159;29;854;251;338;148;90;19;876;225;420;140;69;10
4011524;Aumund-Hammersbeck (Ortsteil);31.12.2021;65 oder mehr;1672;574;913;137;26;12;739;174;474;67;12;6;933;400;439;70;14;6
4011524;Aumund-Hammersbeck (Ortsteil);31.12.2021;Insgesamt;7667;1658;2309;1446;1428;777;3701;825;1077;690;696;393;3966;833;1232;756;732;384
4011525;Fähr-Lobbendorf (Ortsteil);31.12.2021;unter 18;1522;5;124;275;383;489;793;1;58;143;206;254;729;4;66;132;177;235
4011525;Fähr-Lobbendorf (Ortsteil);31.12.2021;18 - 25;743;172;162;125;83;93;410;107;92;62;40;50;333;65;70;63;43;43
4011525;Fähr-Lobbendorf (Ortsteil);31.12.2021;25 - 30;545;170;118;84;51;28;309;111;58;42;22;16;236;59;60;42;29;12
4011525;Fähr-Lobbendorf (Ortsteil);31.12.2021;30 - 50;2273;675;432;370;342;278;1246;495;180;169;167;135;1027;180;252;201;175;143
4011525;Fähr-Lobbendorf (Ortsteil);31.12.2021;50 - 65;1782;620;694;283;92;64;913;337;317;144;53;45;869;283;377;139;39;19
4011525;Fähr-Lobbendorf (Ortsteil);31.12.2021;65 oder mehr;1928;704;905;146;25;48;813;237;457;71;10;13;1115;467;448;75;15;35
4011525;Fähr-Lobbendorf (Ortsteil);31.12.2021;Insgesamt;8793;2346;2435;1283;976;1000;4484;1288;1162;631;498;513;4309;1058;1273;652;478;487
401153;Blumenthal (Stadtteil);31.12.2021;unter 18;6729;16;466;1276;1988;2915;3491;7;242;667;1023;1517;3238;9;224;609;965;1398
401153;Blumenthal (Stadtteil);31.12.2021;18 - 25;2531;489;425;552;512;526;1302;265;187;272;283;277;1229;224;238;280;229;249
401153;Blumenthal (Stadtteil);31.12.2021;25 - 30;1773;441;411;370;300;222;889;264;210;175;136;91;884;177;201;195;164;131
401153;Blumenthal (Stadtteil);31.12.2021;30 - 50;7773;1672;1428;1614;1616;1389;3888;1187;603;699;732;646;3885;485;825;915;884;743
401153;Blumenthal (Stadtteil);31.12.2021;50 - 65;6780;1972;2904;1058;537;259;3407;1075;1309;534;296;162;3373;897;1595;524;241;97
401153;Blumenthal (Stadtteil);31.12.2021;65 oder mehr;6646;2385;3382;553;141;64;2942;820;1731;274;65;21;3704;1565;1651;279;76;43
401153;Blumenthal (Stadtteil);31.12.2021;Insgesamt;32232;6975;9016;5423;5094;5375;15919;3618;4282;2621;2535;2714;16313;3357;4734;2802;2559;2661
4011531;Blumenthal (Ortsteil);31.12.2021;unter 18;2263;7;130;396;639;1050;1159;2;67;214;328;528;1104;5;63;182;311;522
4011531;Blumenthal (Ortsteil);31.12.2021;18 - 25;923;212;168;160;172;199;464;126;74;75;85;96;459;86;94;85;87;103
4011531;Blumenthal (Ortsteil);31.12.2021;25 - 30;644;160;141;125;100;104;318;98;77;58;37;45;326;62;64;67;63;59
4011531;Blumenthal (Ortsteil);31.12.2021;30 - 50;2543;608;426;476;498;496;1303;437;170;216;230;237;1240;171;256;260;268;259
4011531;Blumenthal (Ortsteil);31.12.2021;50 - 65;1875;599;728;266;148;97;995;348;341;140;83;60;880;251;387;126;65;37
4011531;Blumenthal (Ortsteil);31.12.2021;65 oder mehr;1829;665;927;138;36;24;799;232;464;65;14;8;1030;433;463;73;22;16
4011531;Blumenthal (Ortsteil);31.12.2021;Insgesamt;10077;2251;2520;1561;1593;1970;5038;1243;1193;768;777;974;5039;1008;1327;793;816;996
4011532;Rönnebeck (Ortsteil);31.12.2021;unter 18;823;3;56;166;250;345;416;3;29;75;124;183;407;-;27;91;126;162
4011532;Rönnebeck (Ortsteil);31.12.2021;18 - 25;324;52;53;87;57;71;175;27;22;45;37;40;149;25;31;42;20;31
4011532;Rönnebeck (Ortsteil);31.12.2021;25 - 30;265;67;59;60;50;22;134;43;31;23;23;9;131;24;28;37;27;13
4011532;Rönnebeck (Ortsteil);31.12.2021;30 - 50;1003;180;218;225;216;160;503;127;91;102;104;75;500;53;127;123;112;85
4011532;Rönnebeck (Ortsteil);31.12.2021;50 - 65;1046;279;459;194;76;34;519;154;203;92;44;23;527;125;256;102;32;11
4011532;Rönnebeck (Ortsteil);31.12.2021;65 oder mehr;1129;394;520;97;32;5;486;141;266;52;12;1;643;253;254;45;20;4
4011532;Rönnebeck (Ortsteil);31.12.2021;Insgesamt;4590;975;1365;829;681;637;2233;495;642;389;344;331;2357;480;723;440;337;306
4011533;Lüssum-Bockhorn (Ortsteil);31.12.2021;unter 18;2763;4;234;516;779;1215;1462;2;127;269;410;647;1301;2;107;247;369;568
4011533;Lüssum-Bockhorn (Ortsteil);31.12.2021;18 - 25;959;185;157;214;190;207;483;90;67;104;108;113;476;95;90;110;82;94
4011533;Lüssum-Bockhorn (Ortsteil);31.12.2021;25 - 30;664;171;153;142;108;83;342;101;74;72;58;32;322;70;79;70;50;51
4011533;Lüssum-Bockhorn (Ortsteil);31.12.2021;30 - 50;2999;665;522;617;613;579;1452;468;208;250;262;263;1547;197;314;367;351;316
4011533;Lüssum-Bockhorn (Ortsteil);31.12.2021;50 - 65;2618;811;1130;383;186;99;1283;415;508;193;101;61;1335;396;622;190;85;38
4011533;Lüssum-Bockhorn (Ortsteil);31.12.2021;65 oder mehr;2461;998;1197;196;44;25;1092;339;626;94;24;8;1369;659;571;102;20;17
4011533;Lüssum-Bockhorn (Ortsteil);31.12.2021;Insgesamt;12464;2834;3393;2068;1920;2208;6114;1415;1610;982;963;1124;6350;1419;1783;1086;957;1084
4011534;Farge (Ortsteil);31.12.2021;unter 18;505;1;31;111;158;200;260;-;14;60;81;103;245;1;17;51;77;97
4011534;Farge (Ortsteil);31.12.2021;18 - 25;192;30;27;55;44;36;111;18;18;30;25;20;81;12;9;25;19;16
4011534;Farge (Ortsteil);31.12.2021;25 - 30;113;22;31;30;20;10;55;11;13;16;11;4;58;11;18;14;9;6
4011534;Farge (Ortsteil);31.12.2021;30 - 50;684;152;146;145;143;95;363;105;77;68;66;46;321;47;69;77;77;49
4011534;Farge (Ortsteil);31.12.2021;50 - 65;688;177;301;127;61;22;326;95;125;60;33;13;362;82;176;67;28;9
4011534;Farge (Ortsteil);31.12.2021;65 oder mehr;660;184;384;66;18;8;306;63;196;35;9;3;354;121;188;31;9;5
4011534;Farge (Ortsteil);31.12.2021;Insgesamt;2842;566;920;534;444;371;1421;292;443;269;225;189;1421;274;477;265;219;182
4011535;Rekum (Ortsteil);31.12.2021;unter 18;375;1;15;87;162;105;194;-;5;49;80;56;181;1;10;38;82;49
4011535;Rekum (Ortsteil);31.12.2021;18 - 25;133;10;20;36;49;13;69;4;6;18;28;8;64;6;14;18;21;5
4011535;Rekum (Ortsteil);31.12.2021;25 - 30;87;21;27;13;22;3;40;11;15;6;7;1;47;10;12;7;15;2
4011535;Rekum (Ortsteil);31.12.2021;30 - 50;544;67;116;151;146;59;267;50;57;63;70;25;277;17;59;88;76;34
4011535;Rekum (Ortsteil);31.12.2021;50 - 65;553;106;286;88;66;7;284;63;132;49;35;5;269;43;154;39;31;2
4011535;Rekum (Ortsteil);31.12.2021;65 oder mehr;567;144;354;56;11;2;259;45;179;28;6;1;308;99;175;28;5;1
4011535;Rekum (Ortsteil);31.12.2021;Insgesamt;2259;349;818;431;456;189;1113;173;394;213;226;96;1146;176;424;218;230;93
;;;;;;;;;;;;;;;;;;;;;
1) 1950, 1961, 1970 & 1987: Volkszählungsergebnisse. Berechnung der Haushaltsgröße von der wohnberechtigten Bevölkerung ausgehend.;;;;;;;;;;;;;;;;;;;;;
Ab 2005 Schätzung; mit dem KOSIS-Programm HHGEN aus dem Einwohnermelderegister abgeleitet und an die Eckwerte der Bevölkerungsfortschreibung auf Basis der Volkszählung 1987 (bis 2010) bzw. des Zensus 2011 angepasst.;;;;;;;;;;;;;;;;;;;;
;;;;;;;;;;;;;;;;;;;;;
;;;;;;;;;;;;;;;;;;;;;
© Statistisches Landesamt Bremen;;;;;;;;;;;;;;;;;;;;;
